Id,minutes_past,radardist_km,Ref,Ref_5x5_10th,Ref_5x5_50th,Ref_5x5_90th,RefComposite,RefComposite_5x5_10th,RefComposite_5x5_50th,RefComposite_5x5_90th,RhoHV,RhoHV_5x5_10th,RhoHV_5x5_50th,RhoHV_5x5_90th,Zdr,Zdr_5x5_10th,Zdr_5x5_50th,Zdr_5x5_90th,Kdp,Kdp_5x5_10th,Kdp_5x5_50th,Kdp_5x5_90th,Expected
1,3,10,,,,,,,,,,,,,,,,,,,,,0.25400013
1,16,10,,,,,,,,,,,,,,,,,,,,,0.25400013
1,25,10,,,,,,,,,,,,,,,,,,,,,0.25400013
1,35,10,,,,,,,,,,,,,,,,,,,,,0.25400013
1,45,10,,,,,,,,,,,,,,,,,,,,,0.25400013
1,55,10,,,,,,,,,,,,,,,,,,,,,0.25400013
2,1,2,9,5,7.5,10.5,15,10.5,16.5,23.5,0.99833333,0.99833333,0.99833333,0.99833333,0.375,-0.125,0.3125,0.875,1.0599976,-1.4100037,-0.3500061,1.0599976,1.0160005
2,6,2,26.5,22.5,25.5,31.5,26.5,26.5,28.5,32,1.0016667,0.9816667,0.99833333,1.005,0.0625,-0.1875,0.25,0.6875,,,,1.4099884,1.0160005
2,11,2,21.5,15.5,20.5,25,26.5,23.5,25,27,1.0016667,0.995,0.99833333,1.0016667,0.3125,-0.0625,0.3125,0.625,0.34999084,,-0.3500061,1.7599945,1.0160005
2,16,2,18,14,17.5,21,20.5,18,20.5,23,0.995,0.995,0.99833333,1.0016667,0.25,0.125,0.375,0.6875,0.34999084,-1.0599976,0,1.0599976,1.0160005
2,21,2,24.5,16.5,21,24.5,24.5,21,24,28,0.99833333,0.995,0.99833333,0.99833333,0.25,0.0625,0.1875,0.5625,-0.3500061,-1.0599976,-0.3500061,1.7599945,1.0160005
2,26,2,12,12,16,20,16.5,17,19,21,0.99833333,0.995,0.99833333,0.99833333,0.5625,0.25,0.4375,0.6875,-1.7600098,-1.7600098,-0.3500061,0.70999146,1.0160005
2,31,2,22.5,19,22,25,26,23.5,25.5,27.5,0.99833333,0.995,0.99833333,1.0016667,0,-0.1875,0.25,0.625,-1.0599976,-2.1200104,-0.7100067,0.34999084,1.0160005
2,37,2,14,14,18.5,21,19.5,20,21,23,0.99833333,0.9916667,0.99833333,0.99833333,0.5,0.1875,0.4375,0.8125,0,-1.7600098,-0.3500061,1.0599976,1.0160005
2,42,2,12,11,12.5,17,19.5,18,21,23,0.99833333,0.995,0.99833333,0.99833333,0.625,0.375,0.625,0.875,-0.3500061,-0.3500061,0,0.34999084,1.0160005
2,47,2,1.5,3.5,7,10.5,18,16.5,18.5,21.5,0.99833333,0.995,0.99833333,0.99833333,0.375,0.1875,0.5,0.6875,0.34999084,-2.1100006,-0.3500061,1.0599976,1.0160005
2,53,2,16,14.5,18,23.5,28,23.5,26.5,29.5,0.99833333,0.9916667,0.99833333,0.99833333,0.875,0.625,0.9375,1.375,-0.3500061,-1.4100037,-0.3500061,2.119995,1.0160005
2,58,2,22,16.5,22.5,26.5,31.5,26.5,29,32,0.99833333,0.995,0.99833333,1.0016667,0.375,0.1875,0.375,0.875,-1.4100037,,-0.3500061,0.69999695,1.0160005
3,4,10,,,,,,,,,,,,,,,,,,,,,26.162014
3,9,10,,,,,,,,,,,,,,,,,,,,,26.162014
3,14,10,,,,,,,,,,,,,,,,,,,,,26.162014
3,18,10,,,,,,,,,,,,,,,,,,,,,26.162014
3,23,10,,,,,,,,,,,,,,,,,,,,,26.162014
3,28,10,,,,,,,,,,,,,,,,,,,,,26.162014
3,33,10,,,,,,,,,,,,,,,,,,,,,26.162014
3,38,10,,,,,,,,,,,,,,,,,,,,,26.162014
3,43,10,,,,8.5,,,,8.5,,,,,,,,,,,,,26.162014
3,48,10,,,,,,,,,,,,,,,,,,,,,26.162014
3,53,10,,,,,,,,,,,,0.8016667,,,,2.0625,,,,,26.162014
3,58,10,,,,,,,,,,,,,,,,,,,,,26.162014
4,0,9,18.5,16,19,23.5,24.5,22,23.5,25.5,,,,0.99833333,,,,1.4375,,,,,4.064002
4,5,9,22,14,21,30,25.5,22.5,25.5,33.5,,,,,,,,,,,,,4.064002
4,9,9,35.5,24.5,30.5,35.5,35.5,25.5,31.5,35.5,,,,,,,,,,,,,4.064002
4,14,9,16.5,,19,34.5,23.5,16.5,23,35,,,,,,,,,,,,,4.064002
4,19,9,16,,11,18,20.5,13.5,18.5,23.5,,,,,,,,,,,,,4.064002
4,23,9,,,,26,7.5,12,18.5,30,,,,,,,,,,,,,4.064002
4,28,9,32.5,10.5,34.5,43,42.5,19.5,39.5,45.5,,,,,,,,,,,,,4.064002
4,33,9,41.5,33.5,39.5,44.5,43,36,41.5,44.5,,,,,,,,,,,,,4.064002
4,38,9,34,33.5,37.5,42.5,37,35.5,39,44.5,,,,,,,,,,,,,4.064002
4,42,9,29.5,,29.5,45,29.5,19,29.5,45,,,,,,,,,,,,,4.064002
4,47,9,,,,20,11,,12.5,21.5,,,,1.0083333,,,,0.5625,,,,5.6299896,4.064002
4,52,9,,,,11,,,6.5,15,,,,1.005,,,,0.5625,,,,,4.064002
4,56,9,20,8.5,16.5,20,20,10,17.5,20,0.98833334,,0.98833334,1.0516667,-1.125,,0.5,3.5,7.029999,,0,7.029999,4.064002
5,0,13,,,,,,,,,,,,,,,,,,,,,774.70044
5,4,13,,,,,,,,,,,,,,,,,,,,,774.70044
5,9,13,,,,,,,,,,,,,,,,,,,,,774.70044
5,13,13,,,,,,,,,,,,,,,,,,,,,774.70044
5,17,13,,,,,,,,,,,,,,,,,,,,,774.70044
5,22,13,,,,,,,,,,,,,,,,,,,,,774.70044
5,26,13,,,,,,,,,,,,,,,,,,,,,774.70044
5,30,13,,,,,,,,,,,,,,,,,,,,,774.70044
5,35,13,,,,,,,,,,,,,,,,,,,,,774.70044
5,39,13,,,,,,,,,,,,,,,,,,,,,774.70044
5,45,13,,,,,,,,,,,,,,,,,,,,,774.70044
5,50,13,,,,,,,,,,,,,,,,,,,,,774.70044
5,54,13,,,,,,,,,,,,,,,,,,,,,774.70044
5,58,13,,,,,,,,,,,,,,,,,,,,,774.70044
6,3,13,,,,,,,,,,,,,,,,,,,,,0.25400013
6,16,13,,,,,,,,,,,,,,,,,,,,,0.25400013
6,25,13,,,,,,,,,,,,,,,,,,,,,0.25400013
6,35,13,,,,,,,,,,,,,,,,,,,,,0.25400013
6,45,13,,,,,,,,,,,,,,,,,,,,,0.25400013
6,55,13,,,,,,,,,,,,,,,,,,,,,0.25400013
7,3,13,,,12,17.5,14,12.5,17.5,21,,,,,,,,,,,,,0.50800025
7,7,13,14.5,10.5,14.5,20,17,11.5,15.5,20,,,,,,,,,,,,,0.50800025
7,11,13,15,,13,16,15,10.5,13,16,,,,,,,,,,,,,0.50800025
7,15,13,,,,10,,,,12,,,,,,,,,,,,,0.50800025
7,19,13,,,10.5,14,13,,13.5,16.5,,,,,,,,,,,,,0.50800025
7,23,13,,,,12.5,,,,13.5,,,,,,,,,,,,,0.50800025
7,27,13,,,,11,,,,11,,,,,,,,,,,,,0.50800025
7,31,13,,,,,,,,,,,,,,,,,,,,,0.50800025
7,35,13,,,,,,,,,,,,,,,,,,,,,0.50800025
7,39,13,,,,,,,,,,,,,,,,,,,,,0.50800025
7,43,13,,,,,,,,,,,,,,,,,,,,,0.50800025
7,47,13,,,,,,,,,,,,,,,,,,,,,0.50800025
7,51,13,,,,,,,,,,,,,,,,,,,,,0.50800025
7,55,13,,,,,,,,,,,,,,,,,,,,,0.50800025
7,58,13,,,,,,,,,,,,,,,,,,,,,0.50800025
8,3,8,20.5,,17.5,27,21.5,21,24,28.5,0.995,0.985,0.99833333,1.005,1.125,0.8125,1.5,2.1875,-1.0599976,-5.630005,-1.2400055,4.4599915,3.2250018
8,8,8,10.5,,10.5,23,21,18,21,24,,,,,,,,,,,,,3.2250018
8,13,8,20.5,17.5,21.5,28,28,20.5,26.5,30.5,,,,,,,,,,,,,3.2250018
8,18,8,22.5,,18,25,22.5,18,20.5,25.5,,,,,,,,,,,,,3.2250018
8,23,8,,,,13.5,28.5,20.5,24.5,32,,,,,,,,,,,,,3.2250018
8,29,8,27.5,19,25,27.5,27.5,26.5,28,31.5,,,,1.0516667,,,,0.125,,,,,3.2250018
8,34,8,25.5,22.5,25.5,28.5,33,27,29,33,0.7916667,0.8616667,1.0183333,1.0516667,2.5625,-2.5,-0.875,2.1875,-1.050003,,-1.050003,4.580002,3.2250018
8,39,8,25.5,22,25.5,28,33.5,29,30.5,33.5,,,,,,,,,,,,,3.2250018
8,44,8,17,13.5,20,31,24,23,26.5,32,,,,1.0516667,,,,-2,,,,,3.2250018
8,49,8,18.5,14,21,29,23,19,23,29,,,,0.955,,,,0.5,,,,,3.2250018
8,54,8,8,,7.5,13,8,,7.5,15,0.945,0.9483333,0.9716667,0.9916667,0.4375,-0.75,0.5,2.3125,1.0599976,-2.4700012,0.70999146,2.819992,3.2250018
8,59,8,,,,,,,,,0.995,0.95166665,0.985,0.995,0.5,0.0625,1,1.875,1.0599976,-3.7900085,0.70999146,3.0800018,3.2250018
9,1,18,,,,,,,,,,,,,,,,,,,,,18.28801
9,6,18,,,,,,,,,,,,,,,,,,,,,18.28801
9,10,18,,,,,,,,,,,,,,,,,,,,,18.28801
9,14,18,,,,,,,,,,,,,,,,,,,,,18.28801
9,19,18,,,,,,,,,,,,,,,,,,,,,18.28801
9,24,18,,,,,,,,,,,,,,,,,,,,,18.28801
9,28,18,,,,,,,,,,,,,,,,,,,,,18.28801
9,33,18,,,,,,,,,,,,,,,,,,,,,18.28801
9,37,18,,,,,,,,,,,,,,,,,,,,,18.28801
9,42,18,,,,,,,,,,,,,,,,,,,,,18.28801
9,47,18,,,,,,,,,,,,,,,,,,,,,18.28801
9,52,18,,,,,,,,,,,,,,,,,,,,,18.28801
9,56,18,,,,,,,,,,,,,,,,,,,,,18.28801
10,2,10,32.5,32,35,37,35,33.5,35.5,39.5,0.94166666,0.815,0.935,0.9916667,1.875,-1.9375,0.375,2.6875,10.98999,-6.330002,0.70999146,11.089996,0.010000005
10,6,10,37.5,30.5,34.5,37.5,37.5,32.5,35.5,39,0.89166665,0.725,0.9316667,0.9916667,0.75,-1.5625,0.6875,3.6875,-20.25,-11.75,0,8.429993,0.010000005
10,11,10,36,31,34,36,36,33.5,36.5,38.5,0.955,0.7216667,0.9116667,0.9716667,1.1875,-0.5,1.1875,5.875,-3.1699982,-13.449997,-3.1699982,8.080002,0.010000005
10,16,10,29,28.5,32,36,29,31,33,36,0.76166666,0.76166666,0.9316667,0.985,0.9375,-0.6875,0.8125,2.9375,0,-0.3500061,1.0599976,10.399994,0.010000005
10,20,10,32.5,31,33.5,38,32.5,32.5,34,38.5,0.975,0.91833335,0.9716667,0.985,-2.4375,-1.3125,0.5625,2.25,5.9799957,0,2.1100006,6.8799896,0.010000005
10,25,10,32,26.5,32,37,36.5,29.5,35,38,0.8616667,0.86833334,0.915,0.97833335,-0.5,-1.25,0.375,3.3125,-5.980011,-6.3899994,1.0599976,11.929993,0.010000005
10,30,10,36.5,27,32.5,36,36.5,28.5,34,36,0.9916667,0.9216667,0.97833335,0.9916667,0.3125,-0.4375,0.4375,2.25,-1.8800049,-3.5200043,-1.0599976,2.4700012,0.010000005
10,34,10,32.5,31.5,34.5,39.5,34.5,33,35.5,39.5,0.995,0.9116667,0.9816667,0.995,0.25,-0.25,0.375,2.375,1.4099884,-5.550003,0.34999084,4.2299957,0.010000005
10,39,10,38,33,36,38.5,38,34.5,37,39.5,0.75166667,0.8183333,0.94166666,0.985,-0.3125,-0.875,0.5,2.875,4.5099945,-9.130005,3.5099945,7.73999,0.010000005
10,44,10,36.5,32.5,34,36,36.5,33.5,35,36.5,0.94166666,0.85833335,0.935,0.98833334,-1.25,-1.625,0.4375,1.75,-2.4700012,-5.630005,-0.3500061,3.1699982,0.010000005
10,48,10,32.5,30,31.5,37.5,32.5,31,32.5,37.5,0.865,0.87166667,0.96833336,0.9916667,1.0625,-1.25,0,2.0625,-2.1200104,-5.2900085,-3.5100098,2.119995,0.010000005
10,53,10,32,30,34,36.5,33,32.5,34,37.5,0.90166664,0.8383333,0.9483333,0.995,1.1875,-0.6875,0.5625,2,-3.8700104,-3.8700104,1.4099884,7.4599915,0.010000005
11,1,12,21,16.5,20,23,21,16.5,20,23,0.9816667,0.9483333,0.9816667,1.015,-0.4375,-0.4375,0.25,0.875,-1.4100037,-1.7600098,1.0599976,3.8799896,2.5400014
11,10,12,23.5,22,24.5,26.5,23.5,22,24.5,26.5,0.96166664,0.9716667,0.995,1.0016667,0.5625,-0.125,0.25,0.75,0.70999146,-2.4700012,0,2.119995,2.5400014
11,20,12,20,17,19.5,23,20,17,19.5,23,0.9916667,0.9816667,0.9916667,1.0016667,0.0625,-0.3125,0.0625,0.5625,-1.0599976,-2.1100006,-1.0599976,1.7599945,2.5400014
11,29,12,16.5,16.5,19,23,16.5,16.5,19,23,0.98833334,0.96500003,0.9816667,0.99833333,0,-0.6875,0.125,0.9375,-3.1699982,-3.1699982,0.70999146,2.4700012,2.5400014
11,39,12,20,16.5,18.5,21.5,20,16.5,18.5,21.5,0.96833336,0.96833336,0.995,1.0216666,0.6875,-0.375,0.3125,1.25,-1.3400116,-1.3600006,-0.3500061,1.7599945,2.5400014
11,49,12,19,18,19.5,22,19,18,19.5,22,0.995,0.975,0.99833333,1.0350001,1.4375,-0.625,0.1875,1.3125,-3.1699982,-3.1699982,-1.0599976,3.5099945,2.5400014
11,58,12,15,15,18.5,22.5,15,15,18.5,22.5,1.0116667,0.96833336,0.995,1.0083333,1.0625,-0.4375,0.1875,1.0625,-0.7100067,-3.1699982,-0.3500061,1.7599945,2.5400014
12,5,6,30,32,34,36,45,40,42.5,45.5,0.995,0.97833335,0.9916667,0.99833333,1.1875,1,1.125,1.6875,0.34999084,-1.4100037,-0.3500061,1.4099884,3.3020017
12,11,6,35.5,33,35.5,39,43.5,38,40,43.5,0.99833333,0.98833334,0.995,0.99833333,1,0.6875,1,1.4375,0.34999084,-1.0599976,0.34999084,1.0599976,3.3020017
12,16,6,34.5,31.5,33.5,37,39.5,37,39.5,42.5,0.985,0.9816667,0.9916667,0.99833333,1.75,0.625,1,1.625,0.70999146,-0.69999695,0,1.0599976,3.3020017
12,22,6,33,32.5,34.5,37,38.5,39,41.5,45,0.995,0.985,0.995,0.99833333,1.4375,0.9375,1.125,1.5,0.34999084,-1.3899994,0,1.0599976,3.3020017
12,28,6,34.5,34,36.5,39,42,37.5,40.5,43.5,0.995,0.97833335,0.995,0.99833333,1,0.4375,0.9375,1.3125,0,-1.0599976,0,1.7599945,3.3020017
12,33,6,31.5,29.5,32,34,39,35.5,38.5,41,0.9916667,0.9816667,0.9916667,0.99833333,1.0625,0.5625,1.0625,1.8125,1.7599945,-1.4100037,0,1.7599945,3.3020017
12,39,6,30.5,30.5,32.5,37,39.5,36,38,40,0.98833334,0.985,0.9916667,0.995,1.25,0.625,1.125,1.6875,-1.4100037,-2.0900116,-1.4100037,0.70999146,3.3020017
12,45,6,31,30.5,32.5,34,39,37,38.5,42,0.995,0.98833334,0.995,0.99833333,0.6875,0.6875,1.125,1.5,-2.8200073,-1.4100037,0,2.119995,3.3020017
12,51,6,32.5,32,34.5,37,41.5,38.5,41,43,0.985,0.985,0.995,0.99833333,1.1875,0.75,1.0625,1.4375,-0.3500061,-1.0599976,0.34999084,2.819992,3.3020017
12,56,6,35.5,34.5,36.5,39.5,40.5,39,41.5,45,0.995,0.97833335,0.995,0.99833333,1.0625,0.5625,0.875,1.3125,1.7399902,-0.7100067,0.69999695,3.8799896,3.3020017
13,0,17,,,,,,,,,,,,,,,,,,,,,0.25400013
13,4,17,,,,,,,,,,,,,,,,,,,,,0.25400013
13,8,17,,,,,,,,,,,,,,,,,,,,,0.25400013
13,12,17,,,,,,,,,,,,,,,,,,,,,0.25400013
13,16,17,,,,,,,,,,,,,,,,,,,,,0.25400013
13,20,17,,,,,,,,,,,,,,,,,,,,,0.25400013
13,26,17,,,,,,,,,,,,,,,,,,,,,0.25400013
13,30,17,,,,,,,,,,,,,,,,,,,,,0.25400013
13,34,17,,,,,,,,,,,,,,,,,,,,,0.25400013
13,38,17,,,,,,,,,,,,,,,,,,,,,0.25400013
13,42,17,,,,,,,,,,,,,,,,,,,,,0.25400013
13,46,17,,,,,,,,,,,,,,,,,,,,,0.25400013
13,50,17,,,,,,,,,,,,,,,,,,,,,0.25400013
13,54,17,,,,,,,,,,,,,,,,,,,,,0.25400013
13,58,17,,,,,,,,,,,,,,,,,,,,,0.25400013
14,5,14,16,13.5,16,21,16,13.5,16,21,0.995,0.9583333,0.99833333,1.0383334,0.0625,-1.5,0.3125,1.5,-1.0400085,-3.7600098,0.34999084,5.279999,1.2700007
14,11,14,24,17,20,24,24,17,20,24,0.995,0.9916667,0.995,1.0116667,0.875,-0.6875,0.4375,1.375,0.34999084,-3.8399963,-0.7100067,5.279999,1.2700007
14,16,14,14,,14,20,14,,14,20,0.9816667,0.98833334,0.99833333,1.0350001,1,-0.75,0.25,1.4375,0,-9.2400055,-0.7100067,3.1699982,1.2700007
14,22,14,15,12,16.5,18,15,12,16.5,18,1.0516667,0.9716667,1.0016667,1.0516667,1.3125,-1.4375,0.4375,2.375,-5.199997,-5.199997,0.69999695,4.5399933,1.2700007
14,28,14,17.5,,13,16.5,17.5,,13,16.5,0.98833334,,0.98833334,1.0516667,-0.6875,,-0.125,1.25,1.7599945,,-0.3500061,1.7599945,1.2700007
14,33,14,,,,,,,,,1.0516667,0.975,1.0083333,1.0516667,-2.0625,-3,-0.125,1.5625,0.34999084,,-0.7100067,6.769989,1.2700007
14,39,14,,,,,,,,,0.99833333,0.9816667,0.995,1.0250001,0.875,-0.625,0.375,1.25,-0.3500061,-2.1100006,0.34999084,1.4299927,1.2700007
14,45,14,,,,,,,,,,,,0.995,,,,-0.0625,,,,1.3699951,1.2700007
14,51,14,,,,,,,,,,,,,,,,,,,,,1.2700007
14,56,14,,,,,,,,,,,,,,,,,,,,,1.2700007
15,3,14,13,,17,22.5,13,16,18.5,22.5,1.0083333,0.97833335,1.0016667,1.015,0.3125,-1.25,-0.125,1.25,0,-6.8200073,-1.4100037,4.580002,2.2860012
15,8,14,18,,16.5,20,18,14.5,17,20,0.995,0.9816667,1.0016667,1.0450001,-0.1875,-1.6875,-0.125,0.8125,2.4599915,-3.5,-0.3500061,2.4599915,2.2860012
15,13,14,13.5,,14,19,18,,15.5,19,1.0250001,0.98833334,1.005,1.0516667,0.375,-0.8125,0,1.0625,1.4099884,-5.5599976,-1.4100037,4.2299957,2.2860012
15,18,14,14.5,,15.5,20.5,15.5,14.5,17,24,1.0083333,0.97833335,1.005,1.0450001,0,-1.25,0,1.9375,0.34999084,-5.230011,0.34999084,2.4599915,2.2860012
15,23,14,18.5,14,17,21,18.5,16.5,18.5,21,0.9916667,0.9116667,1.005,1.0516667,0.875,-1.8125,-0.25,1.75,-2.4400024,,-4.900009,10.830002,2.2860012
15,29,14,18.5,14,17,21.5,18.5,16,18,22.5,1.0116667,0.90500003,0.995,1.0516667,1.5625,-2.25,-0.875,1.875,7.3799896,-16.419998,0.34999084,9.37999,2.2860012
15,34,14,17,13.5,16,20,17.5,15,18,21,,,,1.0516667,,,,2.1875,,,,,2.2860012
15,39,14,15.5,13.5,17.5,21.5,17.5,15.5,18.5,22.5,,,,,,,,,,,,,2.2860012
15,44,14,17,13.5,18,22.5,21,13.5,19,23,,,,1.0516667,,,,1.4375,,,,2.1900024,2.2860012
15,49,14,14,,16.5,22,16.5,16.5,19,23,,,,1.0516667,,,,2.875,,,,,2.2860012
15,54,14,18.5,,15,19,22,16,19.5,24.5,,,,,,,,,,,,,2.2860012
15,59,14,15,,18,22.5,21.5,13.5,18,23,,,,,,,,,,,,,2.2860012
16,4,13,,,,,,,,,,,,,,,,,,,,,1308.1007
16,9,13,,,,,,,,,,,,,,,,,,,,,1308.1007
16,13,13,,,,,,,,,,,,,,,,,,,,,1308.1007
16,19,13,,,,,,,,,,,,,,,,,,,,,1308.1007
16,24,13,,,,,,,,,,,,,,,,,,,,,1308.1007
16,29,13,,,,,,,,,,,,,,,,,,,,,1308.1007
16,34,13,,,,,,,,,,,,,,,,,,,,,1308.1007
16,40,13,,,,,,,,,,,,,,,,,,,,,1308.1007
16,46,13,,,,,,,,,,,,,,,,,,,,,1308.1007
16,51,13,,,,,,,,,,,,,,,,,,,,,1308.1007
16,56,13,,,,,,,,,,,,,,,,,,,,,1308.1007
17,2,14,15,19,23,25.5,17,19,23,25.5,1.0183333,0.99833333,1.0216666,1.0516667,-1.125,-1.0625,0,0.75,1.7599945,-2.1200104,-0.3500061,5.279999,0.060000036
17,6,14,19,18,22,25,19,18,22,25,1.0116667,0.99833333,1.0116667,1.0516667,-0.0625,-0.6875,-0.1875,1.3125,-1.0599976,-4.230011,0.70999146,4.2299957,0.060000036
17,11,14,22.5,18.5,22,26.5,22.5,20.5,22,26.5,1.005,1.0016667,1.015,1.0383334,-0.6875,-0.6875,-0.0625,0.6875,3.519989,-3.880005,0.34999084,7.029999,0.060000036
17,16,14,17.5,18.5,24,26.5,20,20,24,26.5,1.005,1.0016667,1.0183333,1.0516667,-0.1875,-1.4375,0.125,1.5625,-1.4100037,-2.1200104,-1.0599976,4.619995,0.060000036
17,20,14,26,23,26,29,26,23,26,29,1.0250001,0.995,1.0083333,1.0516667,1.4375,-1.125,-0.3125,1.125,-5.6399994,-4.230011,-1.0599976,4.220001,0.060000036
17,25,14,24.5,25.5,27,30.5,24.5,25.5,27,30.5,1.0216666,0.985,1.0183333,1.0516667,0.625,-0.8125,-0.25,1.625,-1.0599976,-3.5100098,-0.69999695,3.8799896,0.060000036
17,30,14,26.5,23,24.5,27.5,26.5,23,24.5,27.5,1.0016667,1.0016667,1.0183333,1.0516667,0.8125,-1,0.1875,1.1875,-1.0599976,-3.5200043,-1.0599976,2.819992,0.060000036
17,34,14,26.5,22.5,24.5,28.5,26.5,22.5,24.5,28.5,1.0016667,0.99833333,1.0416667,1.0516667,-1.6875,-2.0625,-0.375,1.375,-0.7100067,-11.660004,-1.4000092,4.970001,0.060000036
17,39,14,23.5,20.5,24.5,28.5,23.5,20.5,24.5,28.5,1.0416667,0.99833333,1.0183333,1.0516667,-1.3125,-1.375,-0.4375,1.25,4.9299927,-1.7600098,0.34999084,3.8799896,0.060000036
17,44,14,24,20,22.5,26.5,24,20,22.5,26.5,1.0083333,1.0083333,1.0483334,1.0516667,1.5,-1.3125,0.125,1.75,-4.919998,-6.330002,-2.4600067,6.819992,0.060000036
17,48,14,16.5,16.5,21,25,16.5,16.5,21,25,1.0116667,0.99833333,1.0416667,1.0516667,-0.75,-0.6875,0,2.1875,0.70999146,-6.680008,0.70999146,5.6399994,0.060000036
17,53,14,16.5,15,18,25.5,16.5,15.5,18,25.5,1.0250001,0.9916667,1.0083333,1.0516667,-0.25,-0.875,-0.25,1.9375,-2.4700012,-2.4700012,2.8099976,7.9599915,0.060000036
18,5,13,24.5,19.5,25,28.5,24.5,19.5,25,28.5,1.005,0.945,0.99833333,1.0516667,-0.1875,-2.125,0.1875,1.1875,4.199997,-5.5700073,1.050003,5.279999,1.5240008
18,11,13,20,16,21.5,31,20,16,21.5,31,0.985,0.985,0.995,1.0083333,0,-0.5,0.4375,1,-0.3500061,-2.4700012,0,1.7599945,1.5240008
18,16,13,17,15.5,17.5,21,17,15.5,17.5,21,1.0083333,0.9916667,0.99833333,1.0083333,0.375,-0.0625,0.375,1,3.8799896,-3.1699982,-0.3500061,3.8799896,1.5240008
18,22,13,19,17.5,20.5,24.5,19,17.5,20.5,24.5,0.99833333,0.96833336,0.9916667,0.99833333,1,0.0625,0.9375,1.1875,2.819992,-1.0599976,0.34999084,2.819992,1.5240008
18,28,13,19,12.5,17.5,21,19,12.5,17.5,21,0.985,0.9583333,0.9916667,1.0116667,0.8125,-0.1875,0.8125,2.3125,-4.580002,-4.580002,1.4099884,3.519989,1.5240008
18,33,13,14,,12.5,18,14,,12.5,18,0.9916667,0.985,0.995,1.0116667,0.75,-0.25,0.3125,1.0625,1.0599976,-2.1200104,-0.3500061,2.1100006,1.5240008
18,39,13,10,,12,16,10,,12,16,0.96833336,0.96500003,0.9916667,1.015,0.375,-0.9375,-0.125,0.875,2.819992,-3.850006,0,2.819992,1.5240008
18,45,13,,,,,,,,,0.98833334,,1.0016667,1.0516667,-0.1875,,0.25,1.25,-4.1200104,,-1.4100037,4.0899963,1.5240008
18,51,13,,,,,,,,,1.0183333,0.9816667,1.0083333,1.0516667,-0.8125,-1.5,0.25,1.625,0.34999084,,0,2.769989,1.5240008
18,56,13,,,,,,,,,,,,1.0216666,,,,0.375,,,,-0.3500061,1.5240008
19,0,16,15.5,,,22.5,15.5,,15,22.5,,,,,,,,,,,,,3.810002
19,5,16,,,,24.5,16.5,,18,25,,,,,,,,,,,,,3.810002
19,9,16,23,,17.5,21.5,23,,20,23.5,,,,,,,,,,,,,3.810002
19,13,16,23,,18,23,23,16.5,19,24.5,,,,,,,,,,,,,3.810002
19,17,16,,,18.5,22,17,15,19,22,,,,,,,,,,,,,3.810002
19,21,16,18,,16.5,22.5,18,,16.5,22.5,,,,,,,,,,,,,3.810002
19,26,16,,,,23,17.5,,16,23,,,,,,,,,,,,,3.810002
19,30,16,19,,,19.5,19,,15,21.5,,,,,,,,,,,,,3.810002
19,34,16,,,,18.5,,,,20,,,,,,,,,,,,,3.810002
19,38,16,,,,15.5,,,,15.5,,,,,,,,,,,,,3.810002
19,42,16,,,,,,,,,,,,,,,,,,,,,3.810002
19,47,16,,,,,15.5,,,14.5,,,,,,,,,,,,,3.810002
19,51,16,,,,,,,,16.5,,,,,,,,,,,,,3.810002
19,55,16,,,,15,,,,17.5,,,,,,,,,,,,,3.810002
19,59,16,,,,,,,,,,,,,,,,,,,,,3.810002
20,1,15,,,,,,,,,,,,,,,,,,,,,0.25400013
20,6,15,,,,,,,,,,,,,,,,,,,,,0.25400013
20,12,15,,,,,,,,,,,,,,,,,,,,,0.25400013
20,18,15,,,,,,,,,,,,,,,,,,,,,0.25400013
20,24,15,,,,,,,,,,,,,,,,,,,,,0.25400013
20,30,15,,,,,,,,,,,,,,,,,,,,,0.25400013
20,36,15,,,,,,,,,,,,,,,,,,,,,0.25400013
20,41,15,,,,,,,,,,,,,,,,,,,,,0.25400013
20,47,15,,,,,,,,,,,,,,,,,,,,,0.25400013
20,53,15,,,,,,,,,,,,,,,,,,,,,0.25400013
20,59,15,,,,,,,,,,,,,,,,,,,,,0.25400013
21,7,7,,,,,,,,,,,,,,,,,,,,,28.000013
21,17,7,,,,,,,,,,,,,,,,,,,,,28.000013
21,26,7,,,,,,,,,,,,,,,,,,,,,28.000013
21,36,7,,,,,,,,,,,,,,,,,,,,,28.000013
21,46,7,,,,,,,,,,,,,,,,,,,,,28.000013
21,55,7,,,,,,,,,,,,,,,,,,,,,28.000013
22,6,10,,,,,,,,,,,,,,,,,,,,,166.37009
22,16,10,,,,,,,,,,,,,,,,,,,,,166.37009
22,26,10,,,,,,,,,,,,,,,,,,,,,166.37009
22,35,10,,,,,,,,,,,,,,,,,,,,,166.37009
22,45,10,,,,,,,,,,,,,,,,,,,,,166.37009
22,55,10,,,,,,,,,,,,,,,,,,,,,166.37009
23,0,14,,,,,,,,,,,,,,,,,,,,,1.2700007
23,4,14,,,,,,,,,,,,,,,,,,,,,1.2700007
23,9,14,,,,,,,,,,,,,,,,,,,,,1.2700007
23,13,14,,,,,,,,,,,,,,,,,,,,,1.2700007
23,17,14,,,,,,,,,,,,,,,,,,,,,1.2700007
23,22,14,,,,,,,,,,,,,,,,,,,,,1.2700007
23,26,14,,,,,,,,,,,,,,,,,,,,,1.2700007
23,30,14,,,,,,,,,,,,,,,,,,,,,1.2700007
23,35,14,,,,,,,,,,,,,,,,,,,,,1.2700007
23,39,14,,,,,,,,,,,,,,,,,,,,,1.2700007
23,45,14,,,,,,,,,,,,,,,,,,,,,1.2700007
23,50,14,,,,,,,,,,,,,,,,,,,,,1.2700007
23,54,14,,,,,,,,,,,,,,,,,,,,,1.2700007
23,58,14,,,,,,,,,,,,,,,,,,,,,1.2700007
24,4,11,42,40.5,43.5,48.5,45,43,46,48.5,0.95166665,0.9116667,0.97833335,0.9916667,1.1875,-1.625,0,1.4375,-4.230011,-4.230011,1.0599976,7.7299957,1.0750006
24,9,11,42.5,37,39.5,42.5,42.5,39.5,41,44,0.985,0.96166664,0.97833335,0.995,0.25,-1.0625,-0.0625,1,7.2299957,-2.1200104,0.34999084,7.2299957,1.0750006
24,15,11,34,33.5,36.5,38.5,40,39,40,41.5,0.96833336,0.84166664,0.96500003,0.9916667,1.625,-1,0.4375,1.625,-0.69999695,-3.5200043,2.449997,3.8799896,1.0750006
24,20,11,42.5,37.5,41,44.5,46,40.5,41.5,45,0.96500003,0.89166665,0.96500003,0.9916667,-0.875,-0.625,0.5,1.8125,0.34999084,-4.230011,0,4.8899994,1.0750006
24,25,11,36.5,32,35,38.5,38.5,34,36.5,38.5,0.945,0.945,0.96500003,0.985,-0.125,-0.9375,0.0625,1.5,1.4099884,-1.4100037,1.4099884,3.449997,1.0750006
24,30,11,28.5,25.5,28.5,32,31.5,29,31.5,36.5,0.9116667,0.9116667,0.9483333,0.96833336,0.4375,-0.3125,0.25,1.25,-8.600006,-6.3399963,0.34999084,2.819992,1.0750006
24,35,11,37.5,25.5,31.5,36.5,37.5,34.5,36.5,40.5,0.93833333,0.90166664,0.9483333,0.98833334,1.375,-0.125,0.5,1.8125,-1.7600098,-4.550003,-1.75,2.1100006,1.0750006
24,40,11,32,31.5,34.5,39,37,33.5,37,39,0.9916667,0.92833334,0.975,0.98833334,0.5,-0.6875,0.1875,2.1875,-3.880005,-2.8200073,1.75,7.3899994,1.0750006
24,46,11,27.5,26,29,32.5,29.5,28,30.5,35,0.7683333,0.86833334,0.96500003,0.98833334,2.625,-1.0625,0.4375,2.625,-1.0599976,-2.4400024,1.0599976,9.12999,1.0750006
24,51,11,20.5,20.5,27.5,31.5,27.5,25.5,28.5,36,0.94166666,0.94166666,0.96833336,0.98833334,1.3125,-0.75,0.3125,1.9375,1.7599945,-7.5400085,0,1.7599945,1.0750006
24,56,11,26,25,29.5,36,37,33.5,36,38,0.92833334,0.92833334,0.96500003,0.98833334,-1.125,-0.875,0,1.25,3.1699982,-5.430008,0.70999146,5.23999,1.0750006
25,9,17,,,,,,,,,,,,,,,,,,,,,1.0160005
25,19,17,,,,15,,,,15,,,,,,,,,,,,,1.0160005
25,28,17,,,,15.5,,,,15.5,,,,,,,,,,,,,1.0160005
25,38,17,,,,13,,,,13,,,,,,,,,,,,,1.0160005
25,48,17,,,,,,,,,,,,,,,,,,,,,1.0160005
25,57,17,,,,,,,,,,,,,,,,,,,,,1.0160005
26,2,12,,,,,,,,,,,,,,,,,,,,,1.0160005
26,12,12,,,,,,,,,,,,,,,,,,,,,1.0160005
26,21,12,,,,,,,,,,,,,,,,,,,,,1.0160005
26,31,12,,,,,,,,,,,,,,,,,,,,,1.0160005
26,41,12,,,,,,,,,,,,,,,,,,,,,1.0160005
26,51,12,,,,,,,,,,,,,,,,,,,,,1.0160005
27,3,11,34.5,28,32,35.5,34.5,32,34.5,38,1.005,0.9716667,0.99833333,1.0116667,0.4375,-0.3125,0.25,1.25,-1.4100037,-4.230011,0.34999084,7.050003,2.5400014
27,9,11,29,29,33,37.5,29,30.5,34,37.5,0.985,0.96500003,0.985,0.99833333,0,-1.125,-0.3125,0.4375,2.0299988,-3.1699982,-0.3500061,2.819992,2.5400014
27,15,11,34.5,32,35,40.5,34.5,32,36,40.5,0.995,0.975,0.995,1.0083333,0,-0.6875,-0.375,0.5,1.7599945,-4.930008,-0.7100067,1.7599945,2.5400014
27,21,11,23.5,23.5,25.5,27,25,24,25.5,29,1.0116667,,1.0483334,1.0516667,-0.6875,,0.25,3.625,3.1699982,,-5.1399994,7.119995,2.5400014
27,27,11,19,15,19,23.5,19,15,19,23.5,1.0350001,,,1.0516667,-1.3125,,,2.625,9.149994,,,9.389999,2.5400014
27,32,11,,,,,,,,15,,,,,,,,,,,,,2.5400014
27,38,11,,,,,,,,,,,,,,,,,,,,,2.5400014
27,44,11,,,,,,,,,,,,,,,,,,,,,2.5400014
27,50,11,,,,,,,,,,,,,,,,,,,,,2.5400014
27,56,11,,,,,,,,,,,,,,,,,,,,,2.5400014
28,2,13,16,14.5,16.5,21,22,20.5,22.5,25.5,,,,,,,,,,,,,1.0160005
28,7,13,22,18,21.5,24,23,22.5,24.5,27.5,,,,,,,,,,,,,1.0160005
28,12,13,18.5,18,21.5,24,23,22.5,24.5,27.5,,,,,,,,,,,,,1.0160005
28,16,13,22.5,16.5,20,23.5,27,22.5,23.5,27,,,,,,,,,,,,,1.0160005
28,21,13,17,17,20,23.5,20,20,23,25.5,,,,,,,,,,,,,1.0160005
28,26,13,19,13.5,17,21,23,20,23,24.5,,,,,,,,,,,,,1.0160005
28,30,13,13.5,14,18,21.5,20.5,18.5,21,23.5,,,,,,,,,,,,,1.0160005
28,35,13,16,10,13,18,21.5,16,19,21.5,,,,,,,,,,,,,1.0160005
28,40,13,,,10.5,14.5,19.5,16,18,20.5,,,,,,,,,,,,,1.0160005
28,45,13,,,,10,19,16,18,19.5,,,,,,,,,,,,,1.0160005
28,49,13,,,,,17.5,13.5,16.5,18.5,,,,,,,,,,,,,1.0160005
28,54,13,,,,,8.5,13.5,15.5,17.5,,,,,,,,,,,,,1.0160005
28,59,13,,,,,8.5,,12.5,16,,,,,,,,,,,,,1.0160005
29,2,3,34,29.5,33.5,40,39,37,39,41.5,0.9916667,0.96500003,0.9916667,0.99833333,2,0.625,1,1.625,2.819992,-3.1699982,-0.3500061,2.819992,1.5240008
29,6,3,11,1.5,15.5,20,12,10,15.5,21,0.99833333,0.9816667,0.995,0.99833333,0.25,0,0.5625,1.375,0.34999084,-3.8600006,0.34999084,3.1699982,1.5240008
29,11,3,,,,3,21,16.5,19.5,23.5,0.99833333,0.98833334,0.99833333,0.99833333,0.9375,0.4375,0.8125,1.5,-1.4100037,-1.7600098,-1.3899994,2.819992,1.5240008
29,16,3,15,5.5,10,18,15,13,16.5,20.5,0.995,0.9816667,0.995,0.99833333,-0.25,-0.375,0.25,1.5625,5.1900024,-2.1100006,0.3600006,5.1900024,1.5240008
29,21,3,10,-1,6,11,10,2,8,11,0.98833334,0.9916667,0.99833333,0.99833333,0.875,0.125,0.5,0.875,0,-0.7100067,0,0.70999146,1.5240008
29,26,3,2,,0.5,4.5,2,,2.5,6.5,0.99833333,0.98833334,0.995,0.99833333,0.25,0.125,0.5,0.9375,-1.0599976,-1.050003,0.34999084,2.1100006,1.5240008
29,31,3,2.5,,0,5.5,2.5,-2,3,5.5,0.985,0.96500003,0.98833334,1.0083333,0.5625,-0.3125,0.3125,0.875,1.3999939,-3.5200043,-0.3500061,1.3999939,1.5240008
29,36,3,1,,0.5,6,3,0,3.5,24,0.99833333,0.98833334,0.995,0.99833333,0.3125,0.125,0.4375,0.9375,0,-2.5,0,1.7599945,1.5240008
29,41,3,21.5,0.5,21,33,21.5,8,22,33,0.9816667,0.9816667,0.995,0.99833333,1.125,0.125,0.75,1.125,1.3899994,-1.0599976,0.34999084,2.119995,1.5240008
29,45,3,4.5,2.5,7.5,15.5,26,24,28,35.5,0.99833333,0.985,0.995,1.005,1,-0.0625,0.4375,1.3125,3.1599884,-2.449997,0.34999084,3.1599884,1.5240008
29,50,3,35,20,27,38.5,35,28,31.5,39,1.015,,0.9916667,1.0516667,0.75,,1.0625,7.9375,,,,,1.5240008
29,55,3,24,19.5,25.5,32.5,24,21,26,33.5,0.93833333,,0.7083333,1.0516667,1.25,,2.8125,7.6875,,,,,1.5240008
30,3,9,,,,,,,,,,,,,,,,,,,,,0.25400013
30,16,9,,,,,,,,,,,,,,,,,,,,,0.25400013
30,25,9,,,,,,,,,,,,,,,,,,,,,0.25400013
30,35,9,,,,,,,,,,,,,,,,,,,,,0.25400013
30,45,9,,,,,,,,,,,,,,,,,,,,,0.25400013
30,55,9,,,,,,,,,,,,,,,,,,,,,0.25400013
31,4,9,,,,,,,,,,,,,,,,,,,,,0.25400013
31,8,9,,,,,,,,,,,,,,,,,,,,,0.25400013
31,12,9,,,,,,,,,,,,,,,,,,,,,0.25400013
31,17,9,,,,,,,,,,,,,,,,,,,,,0.25400013
31,21,9,,,,,,,,,,,,,,,,,,,,,0.25400013
31,26,9,,,,,,,,,,,,,,,,,,,,,0.25400013
31,31,9,,,,,,,,,,,,,,,,,,,,,0.25400013
31,36,9,,,,,,,,,,,,,,,,,,,,,0.25400013
31,42,9,,,,,,,,,,,,,,,,,,,,,0.25400013
31,49,9,,,,,,,,,,,,,,,,,,,,,0.25400013
31,54,9,,,,,,,,,,,,,,,,,,,,,0.25400013
32,2,14,21,21,22.5,27.5,21,21,22.5,27.5,1.0083333,0.995,1.0116667,1.0450001,-1,-1.25,-0.125,1.1875,1.0599976,-2.4700012,0.70999146,3.1699982,3.556002
32,6,14,25.5,22,25,28.5,25.5,22,25,28.5,1.0316668,1.0016667,1.015,1.0516667,-0.0625,-1.1875,-0.1875,0.9375,0,-3.5299988,0.34999084,3.1699982,3.556002
32,11,14,21,21.5,23.5,26.5,21,21.5,23.5,26.5,1.0516667,0.995,1.0416667,1.0516667,1.25,-1.3125,-0.375,1,5.4400024,-4.400009,-0.7100067,5.4400024,3.556002
32,16,14,24,21.5,24.5,26.5,24,21.5,24.5,26.5,0.95166665,0.955,1.0183333,1.0516667,-0.875,-1.5,-0.375,0.625,-0.3500061,-4.580002,-0.3500061,5.9799957,3.556002
32,20,14,24,22.5,24,27.5,24,22.5,24,27.5,1.0316668,0.99833333,1.0350001,1.0516667,-0.25,-1.25,0,1,-2.4700012,-3.9000092,-0.3500061,2.819992,3.556002
32,25,14,26.5,18.5,21.5,25,26.5,18.5,21.5,25,1.0516667,0.9916667,1.0383334,1.0516667,0.5,-1.5,0,1.125,-2.1100006,-3.5200043,-0.3500061,5.5399933,3.556002
32,30,14,25,22,25,30.5,25,22,25,30.5,1.0416667,0.9816667,1.0316668,1.0516667,-0.0625,-1.5625,0.0625,1.3125,-2.4600067,-5.630005,-1.4100037,3.8799896,3.556002
32,34,14,22.5,20.5,23,25.5,22.5,20.5,23.5,25.5,1.0516667,0.97833335,1.0516667,1.0516667,0.875,-1.9375,-0.125,1.1875,8.5,-5.279999,-1.0400085,6.6799927,3.556002
32,39,14,20,19,23,26.5,20,19.5,23,26.5,1.0516667,0.9816667,1.0316668,1.0516667,1.0625,-1.25,-0.25,1.0625,4.169998,-5.279999,1.4099884,4.9299927,3.556002
32,44,14,27,23.5,27,31.5,27,23.5,27,31.5,0.97833335,0.98833334,1.0516667,1.0516667,0.875,-2.875,-0.0625,1.25,2.9700012,,-4.230011,7.399994,3.556002
32,48,14,21.5,21.5,24.5,27.5,22.5,21.5,24.5,27.5,1.0516667,,1.0350001,1.0516667,1.9375,,-0.125,1.9375,3.5399933,,1.7599945,5.9799957,3.556002
32,53,14,19.5,13,17,21.5,19.5,15.5,18,21.5,1.015,,1.0516667,1.0516667,-1.25,,0.0625,1.9375,5.279999,,0.9700012,12.909988,3.556002
33,0,5,39.5,36,37,41,43,40.5,42.5,47,0.995,0.985,0.995,0.99833333,0.9375,0.5625,0.9375,1.375,-2.100006,-2.1200104,0,1.3999939,2.7940013
33,5,5,33.5,33.5,35.5,38,39.5,38.5,40.5,46,0.99833333,0.985,0.995,0.99833333,0.75,0.5625,1,1.6875,0.34999084,-1.0599976,0,1.4099884,2.7940013
33,9,5,36.5,34,35.5,38,41.5,38,40,42.5,0.99833333,0.985,0.995,0.99833333,0.5,0.3125,0.5625,1.375,-1.4000092,-1.0599976,0,0.34999084,2.7940013
33,14,5,33.5,31.5,33.5,36,38.5,36,38.5,43,0.99833333,0.98833334,0.995,0.99833333,0.4375,0.375,0.75,1.375,0.34999084,-1.0599976,0,1.0599976,2.7940013
33,19,5,32.5,29,32.5,35,39.5,36.5,40,42,0.9916667,0.98833334,0.995,0.99833333,0.5,0.5,0.9375,1.5,0,-1.0599976,0.34999084,1.4099884,2.7940013
33,23,5,30.5,29,31,34,36.5,34,37,40,0.9916667,0.9716667,0.9916667,0.99833333,0.625,0.5,0.8125,1.4375,1.3799896,-1.4100037,0.69999695,1.7599945,2.7940013
33,28,5,33.5,27,30.5,34.5,37,33.5,37,41,0.99833333,0.9916667,0.99833333,0.99833333,0.5,0.1875,0.5625,1,1.0599976,-0.7100067,0.34999084,1.0599976,2.7940013
33,33,5,27.5,30.5,33.5,38,44,36.5,39.5,44,0.995,0.9916667,0.99833333,0.99833333,0.4375,0.25,0.4375,1,-1.0599976,-1.0599976,-0.69999695,0.70999146,2.7940013
33,38,5,33.5,31,33.5,35.5,39,34.5,37,40,0.98833334,0.985,0.9916667,0.99833333,0.125,0.125,0.625,1.1875,-1.4100037,-1.4100037,0.34999084,2.4700012,2.7940013
33,42,5,31.5,31,34,36,38.5,36.5,38.5,43,0.995,0.995,0.99833333,0.99833333,1.0625,0.5,0.6875,1.0625,1.7299957,-1.4100037,1.050003,2.819992,2.7940013
33,47,5,37,31,33.5,36.5,39,35,37,39.5,0.99833333,0.995,0.99833333,0.99833333,0.375,0.1875,0.5625,0.9375,0.34999084,-1.0599976,0,1.0599976,2.7940013
33,52,5,29.5,28.5,30,32.5,35,35,36.5,39.5,0.99833333,0.995,0.99833333,0.99833333,0.4375,0.1875,0.5,0.75,-1.0800018,-1.0800018,0.34999084,1.0599976,2.7940013
33,56,5,32.5,29.5,31,34,39,35.5,37,40,0.995,0.995,0.99833333,0.99833333,0.25,0.0625,0.5625,0.875,0.34999084,-1.0599976,0.34999084,0.69999695,2.7940013
34,3,15,22.5,22,24.5,28.5,23.5,23.5,25.5,29,0.9916667,0.9916667,0.99833333,1.0116667,0.5625,-0.6875,0.0625,0.875,3.519989,-1.0599976,0.34999084,4.4099884,1.5240008
34,8,15,21,19,21,25.5,23,22,23.5,26,1.0083333,0.98833334,1.005,1.0216666,-0.25,-0.5,-0.125,0.5,0.69999695,-1.7600098,1.050003,1.4299927,1.5240008
34,12,15,18.5,16,18.5,21.5,23.5,21,22.5,26,0.98833334,0.9916667,1.0016667,1.015,-0.25,-0.9375,-0.1875,0.9375,1.75,-3.1699982,-0.3500061,1.7599945,1.5240008
34,17,15,20,17,18.5,21,24.5,22,24.5,27,1.0083333,0.9916667,1.0016667,1.015,-1,-0.75,0,0.8125,1.0599976,-1.4100037,-0.7100067,0.69000244,1.5240008
34,21,15,23.5,14.5,20.5,23.5,28,23.5,25,28,0.96833336,0.9916667,1.0016667,1.015,-0.1875,-0.8125,-0.1875,0.4375,0,-2.4700012,-0.3500061,2.4199982,1.5240008
34,26,15,19.5,18,21.5,31.5,29,23,26.5,35.5,0.97833335,0.985,0.99833333,1.005,-0.25,-0.4375,0,0.625,-0.69999695,-1.7600098,0.34999084,1.0599976,1.5240008
34,31,15,31,20,31,37.5,31.5,27.5,32.5,37.5,1.0016667,0.9916667,1.0016667,1.0183333,-0.375,-0.6875,-0.1875,0.75,0,-2.75,0.34999084,3.1699982,1.5240008
34,36,15,26.5,17,25,37,38,21.5,36.5,43.5,1.0116667,0.97833335,1.0016667,1.0216666,0.1875,-0.625,0,1.1875,2.119995,-3.5200043,1.7599945,4.2299957,1.5240008
34,41,15,33.5,21.5,27.5,33.5,33.5,23,28,33.5,0.99833333,0.97833335,1.0083333,1.0383334,-0.1875,-0.875,0.0625,1.0625,2.819992,-1.0599976,1.0599976,2.819992,1.5240008
34,46,15,21.5,18,22.5,28.5,29.5,23.5,27,30,1.0016667,0.995,1.0083333,1.0416667,-0.375,-0.5,0.3125,1.375,-5.2900085,-2.4700012,-0.3500061,2.4700012,1.5240008
34,51,15,21,20.5,24,26,25,23.5,25.5,28,1.0250001,0.96833336,1.015,1.0516667,-1.375,-2.3125,-0.5,4,4.580002,-4.930008,0,4.580002,1.5240008
34,57,15,24.5,15.5,21,26,31,18,26,30,0.99833333,,1.0116667,1.0516667,-0.8125,,-0.8125,2.5625,-6.279999,,,5.6100006,1.5240008
35,4,8,14.5,12,18.5,28.5,14.5,12,18.5,28.5,0.9316667,,,1.0516667,-2.5,,,2,,,,,1.5240008
35,10,8,27.5,14.5,22,32,27.5,14.5,22,32,1.0483334,,0.995,1.0516667,-0.5625,,0.0625,1.3125,,,,2.4700012,1.5240008
35,16,8,15,,15,30.5,15,,15,30.5,1.0350001,,0.99833333,1.0516667,0.8125,,-0.5625,0.8125,4.4799957,,,4.4799957,1.5240008
35,22,8,,,,14.5,,,,14.5,1.0516667,,0.995,1.0516667,2.3125,,-0.125,2.3125,-0.3500061,,-0.3500061,1.7599945,1.5240008
35,28,8,,,,8,,,,8,1.015,,,1.0516667,0,,,0.625,2.119995,,,2.1100006,1.5240008
35,34,8,10.5,,6,26.5,10.5,,6,26.5,,,,1.0516667,,,,1.4375,,,,,1.5240008
35,39,8,,,7.5,20.5,,,7.5,20.5,,,,,,,,,,,,,1.5240008
35,45,8,28.5,,21.5,33,28.5,,21.5,33,,,,,,,,,,,,,1.5240008
35,53,8,,,,14.5,,,,14.5,0.96833336,,0.98833334,1.0350001,0.9375,,-0.25,2.75,-1.7600098,,,1.7599945,1.5240008
35,59,8,,,,,,,,,,,,1.0516667,,,,0.875,,,,0.1599884,1.5240008
36,4,12,,,,,,,,,,,,1.0516667,,,,1.25,,,,,0.25400013
36,9,12,,,,,,,,,,,,,,,,,,,,,0.25400013
36,13,12,15,,,15,15,,,15,1.0516667,,,1.005,-1.9375,,,0.625,,,,,0.25400013
36,19,12,,,,,,,,,,,,,,,,,,,,,0.25400013
36,24,12,10.5,,,13.5,10.5,,,13.5,,,,,,,,,,,,,0.25400013
36,29,12,,,,,,,,,,,,,,,,,,,,,0.25400013
36,34,12,,,,,,,,,,,,,,,,,,,,,0.25400013
36,40,12,,,,,,,,,,,,,,,,,,,,,0.25400013
36,46,12,,,,,,,,,,,,,,,,,,,,,0.25400013
36,51,12,,,,11,,,,11,,,,,,,,,,,,,0.25400013
36,56,12,,,,,,,,,,,,1.0416667,,,,1.9375,,,,,0.25400013
37,5,2,0,-1.5,4.5,8.5,5.5,2,5.5,9.5,0.805,0.565,0.845,1.0016667,0.4375,-4.625,-0.375,0.5,,,,-1.7600098,0.25400013
37,15,2,5,0,4.5,7,5,2,5,7.5,0.47500002,0.47500002,0.99833333,1.0283334,0.5625,-0.9375,-0.375,0.75,,,,,0.25400013
37,25,2,4.5,1,4.5,12,7.5,2,6,12,1.005,0.4716667,0.925,1.0216666,-0.625,-2.625,-0.25,1.6875,,,,,0.25400013
37,35,2,-0.5,-4,2.5,7,5,2.5,5,9.5,0.9816667,0.84166664,1.0316668,1.0516667,1.75,-1.0625,-0.0625,1.5,,,,,0.25400013
37,45,2,2.5,-5,1,15,4,-2,5.5,16.5,0.9816667,0.865,0.995,1.015,-0.375,-1.3125,-0.375,0.75,,,,,0.25400013
37,50,2,-0.5,-3.5,0.5,7.5,1,0,2.5,7.5,0.99833333,0.9116667,0.99833333,1.0516667,-0.5625,-0.875,-0.125,1.75,,,,-0.3500061,0.25400013
37,56,2,1.5,-7.5,-2.5,5,8,-4.5,-1.5,7,1.0083333,0.975,0.99833333,1.0516667,1.4375,-1.3125,0.1875,1.4375,,,,-1.4100037,0.25400013
38,0,11,25.5,20,23,28.5,25.5,22.5,25,29,0.985,0.97833335,0.9916667,0.99833333,0,0,0.625,1.3125,-1.0599976,-1.0599976,0.34999084,2.0800018,7.8740044
38,5,11,23.5,20.5,23,27.5,24.5,23.5,25.5,28.5,0.9816667,0.95166665,0.985,0.9916667,0.3125,-0.1875,0.4375,1.0625,2.4700012,-2.100006,0.70999146,2.4700012,7.8740044
38,9,11,26.5,23.5,26,29.5,27,25,27.5,30.5,0.985,0.975,0.98833334,0.995,-0.1875,-0.25,0.6875,1.3125,1.0599976,-2.4700012,0.34999084,4.2299957,7.8740044
38,14,11,26,24.5,26.5,29,30,25.5,28.5,30,0.99833333,0.98833334,0.99833333,1.0083333,0,-0.25,0.1875,0.625,1.050003,-1.0599976,1.0699921,2.819992,7.8740044
38,19,11,28.5,23.5,27.5,31.5,33,25.5,28.5,32,0.97833335,0.90833336,0.9816667,0.9916667,0.5,-0.0625,0.5625,1.8125,1.7599945,-1.4100037,0.69999695,3.1299896,7.8740044
38,23,11,29,22.5,25.5,28.5,29,24,27.5,30,0.9916667,0.9716667,0.98833334,0.995,0.1875,0,0.5625,1.4375,-0.7100067,-1.7100067,-0.3500061,2.4700012,7.8740044
38,28,11,29,26,29,32,29,28.5,30,34.5,0.9916667,0.9816667,0.9916667,0.99833333,0.125,-0.3125,0.3125,1,-0.3500061,-1.4000092,-0.3500061,2.4700012,7.8740044
38,33,11,29,28,31,34,29.5,29,31.5,35,0.99833333,0.95166665,0.9916667,1.005,-0.375,-0.4375,0.3125,1.4375,1.7599945,-1.7600098,0.70999146,1.7599945,7.8740044
38,38,11,28.5,25,28.5,34,35,27.5,33,37,0.98833334,0.90833336,0.97833335,1.0083333,1.625,-0.5625,0.5,1.625,-2.1200104,-2.1200104,1.0599976,5.6299896,7.8740044
38,42,11,31.5,26,30.5,35.5,32,28,32,37.5,0.975,0.9716667,0.9916667,1.0516667,-0.0625,-0.625,0.25,1.5625,-1.4100037,-3.5200043,-0.3500061,1.0599976,7.8740044
38,47,11,32.5,29,32.5,35.5,34.5,32,34.5,38,0.97833335,0.91833335,0.995,1.0516667,0.125,-2.0625,0.125,2.5625,-1.4100037,,0.69999695,13.729996,7.8740044
38,52,11,34,25.5,30,36.5,34,28.5,34,38,1.0250001,0.96500003,1.0016667,1.0250001,1.125,-0.5,0.1875,1.25,7.029999,-4.930008,0.70999146,7.029999,7.8740044
38,56,11,28,25.5,28,36.5,28,26.5,29.5,36.5,0.99833333,0.9716667,0.985,0.99833333,0.125,-0.125,0.375,1.125,-1.0599976,-1.7600098,0,1.7599945,7.8740044
39,7,5,6,1,6,9.5,6,3.5,8,11,1.0516667,0.98833334,1.0116667,1.0383334,0.5625,-0.4375,0.4375,1.4375,,,,,0.25400013
39,16,5,7,-1,7,11.5,8,2,8,12.5,1.0516667,0.9816667,1.005,1.0516667,0.25,-0.375,0.3125,2.4375,,,,2.4700012,0.25400013
39,26,5,,,,5.5,,,,8,1.0016667,0.96166664,1.0016667,1.0516667,-0.3125,-0.875,0,1.0625,,,,-0.3500061,0.25400013
39,36,5,0,,-0.5,4,0,,0,4,1.0516667,,1.0516667,1.0516667,-0.25,,0.125,2.125,,,,,0.25400013
39,45,5,,,1.5,10.5,,,4,10.5,0.96833336,0.96166664,0.9916667,1.0216666,1.25,-0.5,0.5625,1.375,,,,1.0599976,0.25400013
39,55,5,,,,4,,,,4,0.99833333,0.9916667,0.99833333,1.0016667,0.3125,-0.5,0.25,0.8125,-1.4100037,,-1.4100037,2.819992,0.25400013
40,1,13,23,,23,31.5,23,,23,31.5,,,,,,,,,,,,,4.318002
40,5,13,,,,14.5,,,,15.5,,,,,,,,,,,,,4.318002
40,8,13,,,,,,,,,,,,,,,,,,,,,4.318002
40,12,13,,,,,,,,,,,,,,,,,,,,,4.318002
40,16,13,,,,,,,,,,,,,,,,,,,,,4.318002
40,19,13,,,,,,,,,,,,,,,,,,,,,4.318002
40,23,13,,,,,,,,,,,,,,,,,,,,,4.318002
40,27,13,,,,,,,,,,,,,,,,,,,,,4.318002
40,31,13,,,,,,,,,,,,,,,,,,,,,4.318002
40,34,13,,,,24,,,,25.5,,,,,,,,,,,,,4.318002
40,38,13,11.5,,,28.5,11.5,,14,36.5,,,,,,,,,,,,,4.318002
40,42,13,,,,36,12,,,37,,,,,,,,,,,,,4.318002
40,45,13,17.5,,,30.5,17.5,,14,30.5,,,,,,,,,,,,,4.318002
40,49,13,,,,19.5,,,,19.5,,,,,,,,,,,,,4.318002
40,53,13,,,,,,,,20.5,,,,,,,,,,,,,4.318002
40,57,13,,,,19,,,,20.5,,,,,,,,,,,,,4.318002
41,0,7,30.5,30.5,33,34.5,40.5,36,37,40,0.935,0.95166665,0.97833335,0.9916667,1.4375,0.125,0.8125,1.8125,2.819992,-1.7600098,1.0599976,2.819992,1.0160005
41,5,7,33.5,30,32,37,37,34.5,38,41,0.97833335,0.8983333,0.9716667,0.98833334,0.25,0.125,1,1.8125,0,-1.7600098,0.70999146,3.8799896,1.0160005
41,9,7,28.5,27.5,30.5,35,36,33.5,37.5,39.5,0.9816667,0.96500003,0.985,0.99833333,0.25,0.25,0.8125,1.75,1.7599945,-1.7600098,0.70999146,1.7599945,1.0160005
41,14,7,32,26.5,30,32.5,37,33.5,36.5,40.5,0.9916667,0.9583333,0.97833335,0.98833334,0,0.25,0.75,1.5625,1.050003,-3.1699982,0.34999084,2.4700012,1.0160005
41,19,7,32,28.5,30.5,32,34.5,34,36,38,0.9816667,0.975,0.98833334,0.995,0.625,0.25,0.8125,1.3125,-0.3500061,-1.7600098,-0.3500061,2.819992,1.0160005
41,23,7,32.5,27.5,29.5,32.5,34,32,34.5,37.5,0.9916667,0.98833334,0.9916667,0.99833333,0.5,0.4375,0.625,1.125,-0.3500061,-2.4700012,-0.3500061,0.70999146,1.0160005
41,28,7,30,26,30,35,33.5,33,35.5,39,0.995,0.9816667,0.995,0.99833333,0.4375,0,0.625,0.9375,0.69999695,-1.7600098,0.69999695,1.7399902,1.0160005
41,33,7,34.5,27.5,31.5,34.5,35,33.5,35.5,38,1.005,0.985,1.0016667,1.0083333,1.3125,0,0.5,1.3125,-2.8200073,-2.8200073,0.70999146,2.119995,1.0160005
41,38,7,26.5,22,25.5,29.5,29.5,24.5,29,33.5,0.95166665,0.96500003,1.015,1.0516667,0.1875,-0.9375,0.125,1.75,,,1.0599976,4.580002,1.0160005
41,42,7,17,11.5,16,20.5,19.5,20.5,22.5,25,,,,1.0516667,,,,3.375,,,,,1.0160005
41,47,7,12,8.5,11.5,21,14.5,18,20,24,,,,,,,,,,,,,1.0160005
41,52,7,19.5,10,15,19,26,21.5,24,26,,,,,,,,,,,,,1.0160005
41,56,7,3.5,,7,19.5,24,18.5,22,26.5,,,,,,,,,,,,,1.0160005
42,3,7,,,,,17.5,17,18,20.5,,,,,,,,,,,,,1.0160005
42,8,7,,,,7,18.5,14,17.5,22.5,,,,,,,,,,,,,1.0160005
42,12,7,,,,9,18,16.5,19,23.5,,,,,,,,,,,,,1.0160005
42,16,7,,,,,21,16.5,20.5,25.5,,,,,,,,,,,,,1.0160005
42,20,7,,4.5,9,14,18,18,22.5,28,,,,,,,,,,,,,1.0160005
42,25,7,19.5,10.5,19,27.5,27.5,23.5,27.5,31,,,,0.9816667,,,,0.5,,,,,1.0160005
42,29,7,31.5,20.5,28.5,33.5,31.5,27.5,30.5,37.5,,,,,,,,,,,,,1.0160005
42,33,7,24.5,19,22.5,29,32.5,28.5,31,35,,,,,,,,,,,,,1.0160005
42,38,7,25.5,23,27.5,32,36,31.5,34.5,37.5,,,,,,,,,,,,,1.0160005
42,42,7,30.5,25,30.5,38,36.5,31,36,39,,,,,,,,,,,,,1.0160005
42,46,7,29,25,30.5,37,38.5,30.5,35,38.5,,,,,,,,,,,,,1.0160005
42,50,7,32,29,33.5,37.5,37.5,34,36.5,40.5,,,,,,,,,,,,,1.0160005
42,55,7,29.5,29,32.5,36.5,30,31.5,36,38.5,,,,,,,,,,,,,1.0160005
42,59,7,30.5,26.5,30,33,32,30,32,36,,,,,,,,,,,,,1.0160005
43,9,19,,,,,,,,,,,,,,,,,,,,,0.25400013
43,19,19,,,,,,,,,,,,,,,,,,,,,0.25400013
43,28,19,,,,,,,,,,,,,,,,,,,,,0.25400013
43,38,19,,,,,,,,,,,,,,,,,,,,,0.25400013
43,48,19,,,,,,,,,,,,,,,,,,,,,0.25400013
43,57,19,,,,,,,,,,,,,,,,,,,,,0.25400013
44,1,11,,,,,,,,,,,,,,,,,,,,,2976.6277
44,11,11,,,,,,,,,,,,,,,,,,,,,2976.6277
44,20,11,,,,,,,,,,,,,,,,,,,,,2976.6277
44,30,11,,,,,,,,,,,,,,,,,,,,,2976.6277
44,39,11,,,,,,,,,,,,,,,,,,,,,2976.6277
44,49,11,,,,,,,,,,,,,,,,,,,,,2976.6277
44,58,11,,,,,,,,,,,,,,,,,,,,,2976.6277
45,1,12,18.5,15,18.5,24.5,18.5,16,21,24.5,,,,,,,,,,,,,0.7620004
45,6,12,17,13.5,17,25,17,17,20.5,26,,,,,,,,,,,,,0.7620004
45,11,12,15.5,12.5,18.5,25,22.5,18.5,23,29,,,,,,,,,,,,,0.7620004
45,16,12,22,19,23.5,29,23.5,21,26.5,30,,,,,,,,,,,,,0.7620004
45,21,12,22.5,17.5,23,29.5,31,19,26,31,,,,,,,,,,,,,0.7620004
45,26,12,25.5,20,24,27.5,25.5,22.5,25,27.5,,,,,,,,,,,,,0.7620004
45,31,12,26,20.5,26,30,30,23.5,27.5,33.5,,,,,,,,,,,,,0.7620004
45,37,12,20.5,23,26.5,32,25.5,26.5,29.5,34,,,,,,,,,,,,,0.7620004
45,42,12,30.5,24.5,28,32,30.5,27.5,30,33,,,,,,,,,,,,,0.7620004
45,47,12,22.5,20,24,30,24,21.5,24,31.5,,,,,,,,,,,,,0.7620004
45,53,12,15.5,15.5,21,25.5,23.5,16.5,23,25.5,,,,,,,,,,,,,0.7620004
45,58,12,18.5,,15.5,21,18.5,,16,22.5,,,,,,,,,,,,,0.7620004
46,7,15,,,,,,,,,,,,,,,,,,,,,0.25400013
46,16,15,,,,,,,,,,,,,,,,,,,,,0.25400013
46,26,15,,,,,,,,,,,,,,,,,,,,,0.25400013
46,36,15,,,,,,,,,,,,,,,,,,,,,0.25400013
46,45,15,,,,,,,,,,,,,,,,,,,,,0.25400013
46,55,15,,,,,,,,,,,,,,,,,,,,,0.25400013
47,1,13,,,,,,,,,,,,,,,,,,,,,1308.1007
47,11,13,,,,,,,,,,,,,,,,,,,,,1308.1007
47,20,13,,,,,,,,,,,,,,,,,,,,,1308.1007
47,30,13,,,,,,,,,,,,,,,,,,,,,1308.1007
47,39,13,,,,,,,,,,,,,,,,,,,,,1308.1007
47,49,13,,,,,,,,,,,,,,,,,,,,,1308.1007
47,58,13,,,,,,,,,,,,,,,,,,,,,1308.1007
48,5,13,,,,,,,,,,,,,,,,,,,,,1.0160005
48,15,13,,,,,,,,,,,,,,,,,,,,,1.0160005
48,25,13,,,,,,,,,,,,,,,,,,,,,1.0160005
48,35,13,,,,,,,,,,,,,,,,,,,,,1.0160005
48,45,13,,,,,,,,,,,,,,,,,,,,,1.0160005
48,50,13,,,,,,,,,,,,,,,,,,,,,1.0160005
48,56,13,,,,,,,,,,,,,,,,,,,,,1.0160005
49,5,15,,,,,,,,,,,,,,,,,,,,,1106.4246
49,14,15,,,,,,,,,,,,,,,,,,,,,1106.4246
49,24,15,,,,,,,,,,,,,,,,,,,,,1106.4246
49,34,15,,,,,,,,,,,,,,,,,,,,,1106.4246
49,46,15,,,,,,,,,,,,,,,,,,,,,1106.4246
49,55,15,,,,,,,,,,,,,,,,,,,,,1106.4246
50,5,15,,,,,,,,,,,,,,,,,,,,,1984.503
50,14,15,,,,,,,,,,,,,,,,,,,,,1984.503
50,24,15,,,,,,,,,,,,,,,,,,,,,1984.503
50,34,15,,,,,,,,,,,,,,,,,,,,,1984.503
50,46,15,,,,,,,,,,,,,,,,,,,,,1984.503
50,55,15,,,,,,,,,,,,,,,,,,,,,1984.503
51,3,12,18.5,,15,24,18.5,14,18,24,,,,,,,,,,,,,14.732008
51,7,12,20,,14,22,24.5,18.5,22,28,,,,,,,,,,,,,14.732008
51,12,12,,,,26,11,12.5,16.5,26,,,,1.0116667,,,,1,,,,-1.4100037,14.732008
51,17,12,,,12.5,29,29,12.5,29,34,,,,,,,,,,,,,14.732008
51,22,12,32,21,32.5,44.5,33,21,34,46,,,,,,,,,,,,,14.732008
51,27,12,36,27.5,37.5,44.5,45,39,44.5,47,,,,1.0416667,,,,0.5625,,,,-4.580002,14.732008
51,32,12,42.5,31,40,45,44.5,33.5,44,49,1.0383334,0.92833334,1.0116667,1.0516667,0.1875,-1.25,0.125,1.9375,-4.230011,-11.650009,1.050003,2.819992,14.732008
51,36,12,42.5,24,38,47,42.5,24.5,41.5,47,1.0516667,0.9816667,1.005,1.0516667,0.0625,-1.4375,0.0625,1.6875,5.019989,-4.580002,-0.3500061,5.6299896,14.732008
51,41,12,19.5,12.5,20,36,19.5,18.5,23.5,36,,,0.96833336,1.0516667,,,-2.125,2.8125,,,,8.149994,14.732008
51,46,12,18.5,13.5,18,25,28,20,31.5,38,1.0350001,,1.0016667,1.0516667,0.8125,,0.0625,1.75,3.519989,,-2.430008,3.550003,14.732008
51,50,12,39.5,29,34.5,40,39.5,29,39.5,44,,,,,,,,,,,,,14.732008
51,55,12,21.5,12.5,26.5,35.5,24,14,27.5,38.5,,,,,,,,,,,,,14.732008
51,59,12,13.5,,14.5,35,16,,16,38,,,,1.0516667,,,,3.6875,,,,-0.76000977,14.732008
52,3,12,,,,,,,,,,,,,,,,,,,,,0.25400013
52,12,12,,,,,,,,,,,,,,,,,,,,,0.25400013
52,20,12,,,,,,,,,,,,,,,,,,,,,0.25400013
52,29,12,,,,,,,,,,,,,,,,,,,,,0.25400013
52,38,12,,,,,,,,,,,,,,,,,,,,,0.25400013
52,47,12,,,,,,,,,,,,,,,,,,,,,0.25400013
52,58,12,,,,,,,,,,,,,,,,,,,,,0.25400013
53,4,17,,,,,,,,,,,,,,,,,,,,,0.25400013
53,13,17,,,,,,,,,,,,,,,,,,,,,0.25400013
53,22,17,,,,,,,,,,,,,,,,,,,,,0.25400013
53,31,17,,,,,,,,,,,,,,,,,,,,,0.25400013
53,40,17,,,,,,,,,,,,,,,,,,,,,0.25400013
53,49,17,,,,,,,,,,,,,,,,,,,,,0.25400013
53,58,17,,,,,,,,,,,,,,,,,,,,,0.25400013
54,7,17,,,,,,,,,,,,,,,,,,,,,0.25400013
54,17,17,,,,,,,,,,,,,,,,,,,,,0.25400013
54,27,17,,,,,,,,,,,,,,,,,,,,,0.25400013
54,36,17,,,,,,,,,,,,,,,,,,,,,0.25400013
54,46,17,,,,,,,,,,,,,,,,,,,,,0.25400013
54,56,17,,,,,,,,,,,,,,,,,,,,,0.25400013
55,2,15,,,,,,,,,,,,,,,,,,,,,1808.989
55,6,15,,,,,,,,,,,,,,,,,,,,,1808.989
55,11,15,,,,,,,,,,,,,,,,,,,,,1808.989
55,15,15,,,,,,,,,,,,,,,,,,,,,1808.989
55,19,15,,,,,,,,,,,,,,,,,,,,,1808.989
55,23,15,,,,22.5,,,,26,,,,,,,,,,,,,1808.989
55,28,15,,,,26,,,,28.5,,,,,,,,,,,,,1808.989
55,32,15,18,,18,31,23.5,,23.5,32.5,,,,,,,,,,,,,1808.989
55,36,15,22.5,,23.5,30.5,26,,24.5,31,,,,,,,,,,,,,1808.989
55,41,15,19.5,,19.5,29.5,19.5,,20,29.5,,,,,,,,,,,,,1808.989
55,45,15,,,,21.5,,,,21.5,,,,,,,,,,,,,1808.989
55,49,15,,,,,,,,13.5,,,,,,,,,,,,,1808.989
55,53,15,,,,,,,,,,,,,,,,,,,,,1808.989
55,57,15,,,,,,,,,,,,,,,,,,,,,1808.989
56,3,14,17,16.5,20.5,23,20.5,18.5,21.5,25,1.0383334,0.9483333,1.0350001,1.0516667,0.8125,-1.8125,0.1875,3.3125,-5.630005,-11.860001,-2.4600067,5.580002,0.030000018
56,8,14,19.5,,19.5,26,19.5,19,22,26.5,1.005,0.92833334,1.0116667,1.0516667,-0.625,-2.125,-0.8125,1.0625,2.8099976,-6.8899994,0.69999695,10.369995,0.030000018
56,13,14,16,16,19,23,18.5,18.5,21,24.5,0.96500003,0.96500003,1.0283334,1.0516667,0.75,-2.125,-0.1875,1.8125,1.4099884,-6.680008,-2.4600067,8.529999,0.030000018
56,18,14,21.5,16.5,20.5,23.5,21.5,20.5,22.5,24.5,1.0516667,,0.99833333,1.0516667,1.6875,,-0.1875,2.5,-23.87001,,-4.880005,9.470001,0.030000018
56,23,14,24,17,21,26,24.5,21,23.5,26,1.0516667,0.91833335,1.0216666,1.0516667,0.3125,-1.75,-0.125,1.625,2.4299927,-6.680008,-2.0900116,4.8899994,0.030000018
56,29,14,20,15,20,25,22,19.5,22.5,26,,,1.0250001,1.0516667,,,0.0625,2.3125,,,-1.3899994,11.5099945,0.030000018
56,34,14,24.5,19,22.5,26,25,23,25,29.5,0.98833334,0.925,1.015,1.0516667,-0.125,-2.5625,-0.125,2.1875,-3.880005,-17.910004,-3.880005,13.709991,0.030000018
56,39,14,25.5,16,20.5,28,26,20.5,25.5,29.5,,,1.005,1.0516667,,,-0.75,4.1875,,,-22.460007,9.869995,0.030000018
56,44,14,20,16,22.5,27,24.5,20,23.5,28,,,,1.0516667,,,,1.75,,,,,0.030000018
56,49,14,21.5,16.5,21,26.5,21.5,21,23,26.5,,,,1.0516667,,,,7.9375,,,,-2.1200104,0.030000018
56,54,14,19.5,15,18.5,26.5,19.5,15.5,20.5,27,0.9116667,,,1.0450001,3,,,3,,,,-2.4700012,0.030000018
56,59,14,19.5,14,18.5,23,19.5,17,19.5,23.5,,,,1.0116667,,,,0.75,,,,-2.949997,0.030000018
57,2,8,30.5,30,33,38,31,31,35,38,1.0216666,,0.96166664,1.0516667,0.375,,0.3125,2.625,14.619995,,,10.849991,1.2700007
57,6,8,25,28.5,31.5,35.5,27,29,32.5,37.5,0.9816667,,0.995,1.0516667,1.375,,0.4375,2.75,-0.7100067,,-6.330002,7.3799896,1.2700007
57,11,8,31.5,26.5,31.5,36,32.5,30.5,33,37,,,0.99833333,1.0516667,,,-0.875,4.375,,,,1.4099884,1.2700007
57,15,8,33,28.5,31,36.5,36,29,31,38,,,,1.0516667,,,,1.875,,,,,1.2700007
57,20,8,35.5,26,29.5,34.5,35.5,28.5,30.5,34.5,,,,1.0516667,,,,1.5,,,,,1.2700007
57,25,8,37,30,35,40,37,33,36,41,,,,,,,,,,,,,1.2700007
57,30,8,32.5,31,34.5,41,35.5,35.5,38,41,,,,,,,,,,,,,1.2700007
57,34,8,33.5,29.5,34.5,39,36,29.5,37,40.5,,,,,,,,,,,,,1.2700007
57,39,8,24.5,22,26,36,24.5,24.5,27.5,36,,,,,,,,,,,,,1.2700007
57,44,8,28,20,23.5,28,28,22.5,25,28.5,,,,,,,,,,,,,1.2700007
57,48,8,16.5,9,15,21,20.5,18,20,23,,,,,,,,,,,,,1.2700007
57,53,8,12.5,4.5,10.5,15,16.5,15,17.5,20.5,,,,,,,,,,,,,1.2700007
57,58,8,,,,8.5,13.5,10,14,19,,,,1.005,,,,0.875,,,,-1.4100037,1.2700007
58,3,6,33.5,27,30.5,33.5,33.5,28,33.5,36,,,,,,,,,,,,,0.50800025
58,8,6,23,19,22,29,25,20,25,31,1.0516667,0.955,1.0083333,1.0516667,0.8125,-1.8125,0.25,2.5625,,,,3.869995,0.50800025
58,12,6,6.5,,6.5,21,19,12.5,17,24,1.0016667,0.915,1.0016667,1.0516667,0.5,-2.4375,-0.125,2.75,2.9799957,,,2.9799957,0.50800025
58,16,6,,,,,19,13.5,17,20.5,0.925,0.925,0.98833334,1.0283334,-0.25,-1.125,0.125,1.6875,,,-3.1699982,9.12999,0.50800025
58,20,6,,,,5.5,22.5,20,25.5,31,0.98833334,0.955,0.98833334,0.99833333,0.75,-0.1875,0.5625,1.5625,-0.7100067,-2.1200104,1.0599976,2.4700012,0.50800025
58,25,6,20.5,8,18,27,30.5,27,33,38.5,0.9816667,0.96166664,0.985,0.99833333,0.0625,-0.125,1.0625,1.5,-0.68000793,-2.4700012,-0.69999695,1.7599945,0.50800025
58,29,6,23.5,14.5,23.5,28,29.5,27,29,31,0.975,0.975,0.98833334,0.99833333,0.0625,0.3125,0.875,1.6875,1.0599976,-2.0700073,0,3.519989,0.50800025
58,33,6,16.5,17,22.5,27.5,34.5,27,30.5,35,0.99833333,0.9716667,0.9916667,0.99833333,0.75,0.5,1.0625,1.5625,2.119995,-2.8200073,-0.69999695,5.9099884,0.50800025
58,38,6,22,22,25,28.5,33,26,31.5,35.5,0.95166665,0.955,0.98833334,0.99833333,2.1875,0.1875,1.25,2.5,-1.050003,-1.4100037,-0.3500061,2.4700012,0.50800025
58,42,6,21.5,22.5,26,31.5,34.5,33.5,35,37.5,0.96833336,0.96833336,0.985,0.995,2.125,0.3125,1.125,2.125,0,-2.1200104,-0.7100067,1.4099884,0.50800025
58,46,6,26,22,27.5,31,32,28,31,35.5,0.98833334,0.955,0.9916667,0.995,1.75,0.75,1.1875,2,1.4099884,-2.1200104,0.34999084,1.4099884,0.50800025
58,50,6,19,15,20.5,27,27.5,27.5,30,34.5,0.995,0.985,0.995,0.99833333,0.9375,0.25,0.9375,1.5625,0.34999084,-2.0200043,0,0.34999084,0.50800025
58,55,6,29.5,22,26,31.5,34,32.5,35,39,0.98833334,0.9816667,0.9916667,0.99833333,2,0.375,1,2.5625,0.70999146,-2.4600067,0,1.7399902,0.50800025
58,59,6,37,30,32,34.5,37,33,35,36.5,0.995,0.97833335,0.9916667,0.99833333,1,0.5,1,1.3125,-1.0599976,-1.0599976,0.69999695,2.119995,0.50800025
59,8,15,,,,,,,,,,,,,,,,,,,,,2500.1233
59,18,15,,,,,,,,,,,,,,,,,,,,,2500.1233
59,27,15,,,,,,,,,,,,,,,,,,,,,2500.1233
59,37,15,,,,,,,,,,,,,,,,,,,,,2500.1233
59,46,15,,,,,,,,,,,,,,,,,,,,,2500.1233
59,56,15,,,,,,,,,,,,,,,,,,,,,2500.1233
60,0,10,,,,,,,,,,,,,,,,,,,,,0.25400013
60,10,10,,,,,,,,,,,,,,,,,,,,,0.25400013
60,20,10,,,,,,,,,,,,,,,,,,,,,0.25400013
60,29,10,,,,,,,,,,,,,,,,,,,,,0.25400013
60,39,10,,,,,,,,,,,,,,,,,,,,,0.25400013
60,49,10,,,,,,,,,,,,,,,,,,,,,0.25400013
60,58,10,,,,,,,,,,,,,,,,,,,,,0.25400013
61,3,17,,,,,,,,,,,,,,,,,,,,,0.25400013
61,13,17,,,,,,,,,,,,,,,,,,,,,0.25400013
61,23,17,,,,,,,,,,,,,,,,,,,,,0.25400013
61,32,17,,,,,,,,,,,,,,,,,,,,,0.25400013
61,42,17,,,,,,,,,,,,,,,,,,,,,0.25400013
61,52,17,,,,,,,,,,,,,,,,,,,,,0.25400013
62,2,2,36,34.5,38.5,43.5,49,43.5,47.5,51.5,0.955,0.95166665,0.995,0.99833333,1.75,0,0.5,1.75,1.050003,-2.4700012,0,2.819992,14.732008
62,6,2,46,41.5,44.5,48,50,44.5,47,50.5,0.925,0.9483333,0.995,0.99833333,0.1875,0.25,0.8125,1.9375,0.34999084,-2.4700012,0,2.4299927,14.732008
62,11,2,41,41,43.5,48,45,44.5,47,49,0.995,0.96500003,0.995,0.99833333,1.5,0.75,1.3125,2.0625,0.34999084,-2.4700012,0.34999084,1.4099884,14.732008
62,16,2,41.5,35,38.5,42,45.5,42.5,44.5,46.5,0.98833334,0.9816667,0.995,0.99833333,1.75,0.25,1.3125,2.25,0.70999146,-2.430008,0.70999146,2.7799988,14.732008
62,21,2,40.5,38,41.5,46,40.5,40.5,43,46,0.99833333,0.985,0.995,0.99833333,0.625,0.25,0.6875,1.0625,1.050003,-1.4000092,0.70999146,1.7599945,14.732008
62,26,2,29,28,31,36.5,34,30.5,33,37,0.99833333,0.9716667,0.995,0.99833333,0.625,0.1875,0.6875,1.1875,0.34999084,-1.0599976,0.70999146,1.4099884,14.732008
62,31,2,30,28,30,34,33,31,33,36.5,0.985,0.96166664,0.995,0.99833333,0.75,0.125,0.75,2.0625,-2.1200104,-3.1699982,-1.0599976,4.9299927,14.732008
62,36,2,29.5,25.5,30,33,37.5,35.5,38.5,48.5,0.955,0.955,0.995,0.99833333,-1,-1,0.875,2.0625,-1.7600098,-4,-1.4100037,4.1599884,14.732008
62,41,2,41.5,35,40.5,43,41.5,36,40.5,44,0.995,0.96500003,0.9916667,0.99833333,1.875,0.125,1.25,2.375,-3.100006,-3.100006,0,1.7599945,14.732008
62,45,2,36.5,32,36,40,39.5,35,39,43.5,0.9916667,0.985,0.995,0.99833333,0.8125,0.6875,1,2.625,2.119995,-4.580002,2.119995,4.2299957,14.732008
62,50,2,32,30,32.5,36,32,32.5,35.5,42.5,0.7316667,0.90833336,0.9916667,0.99833333,1.1875,0.3125,1.375,1.875,-4.880005,-4.580002,0.69999695,3.8799896,14.732008
62,55,2,29,25,30,37,29,28,32,37,0.985,0.9816667,0.995,0.99833333,2.125,0.9375,1.5625,2.4375,-1.4100037,-2.4700012,-0.3500061,3.519989,14.732008
63,2,11,,,,,,,,,,,,,,,,,,,,,0.50800025
63,11,11,,,,,,,,,,,,,,,,,,,,,0.50800025
63,20,11,,,,,,,,,,,,,,,,,,,,,0.50800025
63,28,11,,,,,,,,,,,,,,,,,,,,,0.50800025
63,37,11,,,,,,,,,,,,,,,,,,,,,0.50800025
63,46,11,,,,,,,,,,,,,,,,,,,,,0.50800025
63,55,11,,,,,,,,,,,,,,,,,,,,,0.50800025
64,2,15,,,,,,,,,,,,,,,,,,,,,1106.4246
64,6,15,,,,,,,,,,,,,,,,,,,,,1106.4246
64,11,15,,,,,,,,,,,,,,,,,,,,,1106.4246
64,15,15,,,,,,,,,,,,,,,,,,,,,1106.4246
64,19,15,,,,,,,,16.5,,,,,,,,,,,,,1106.4246
64,23,15,,,,20.5,,,,21,,,,,,,,,,,,,1106.4246
64,28,15,,,,,,,,,,,,,,,,,,,,,1106.4246
64,32,15,16,,,19.5,26.5,,19,26.5,,,,,,,,,,,,,1106.4246
64,36,15,27,,20.5,27,31,,21.5,37.5,,,,,,,,,,,,,1106.4246
64,41,15,32.5,,22,32.5,32.5,,25.5,34,,,,,,,,,,,,,1106.4246
64,45,15,29,,25,31,31.5,,27,31.5,,,,,,,,,,,,,1106.4246
64,49,15,,,,32,,,16,33,,,,,,,,,,,,,1106.4246
64,53,15,,,,21,,,,21,,,,,,,,,,,,,1106.4246
64,57,15,,,,,,,,,,,,,,,,,,,,,1106.4246
65,8,12,,,,,,,,,,,,,,,,,,,,,1.5240008
65,17,12,,,,,,,,,,,,,,,,,,,,,1.5240008
65,27,12,,,,,,,,,,,,,,,,,,,,,1.5240008
65,36,12,,,,,,,,,,,,,,,,,,,,,1.5240008
65,46,12,,,,,,,,,,,,,,,,,,,,,1.5240008
65,56,12,,,,,,,,,,,,,,,,,,,,,1.5240008
66,1,16,,,,,,,,,,,,,,,,,,,,,0.25400013
66,5,16,,,,,,,,,,,,,,,,,,,,,0.25400013
66,9,16,,,,,,,,,,,,,,,,,,,,,0.25400013
66,13,16,,,,,,,,,,,,,,,,,,,,,0.25400013
66,17,16,,,,,,,,,,,,,,,,,,,,,0.25400013
66,21,16,,,,,,,,,,,,,,,,,,,,,0.25400013
66,24,16,,,,,,,,,,,,,,,,,,,,,0.25400013
66,28,16,,,,,,,,,,,,,,,,,,,,,0.25400013
66,31,16,,,,,,,,,,,,,,,,,,,,,0.25400013
66,35,16,,,,,,,,,,,,,,,,,,,,,0.25400013
66,38,16,,,,,,,,,,,,,,,,,,,,,0.25400013
66,42,16,,,,,,,,,,,,,,,,,,,,,0.25400013
66,45,16,,,,,,,,,,,,,,,,,,,,,0.25400013
66,48,16,,,,,,,,,,,,,,,,,,,,,0.25400013
66,52,16,,,,,,,,,,,,,,,,,,,,,0.25400013
66,55,16,,,,,,,,,,,,,,,,,,,,,0.25400013
66,59,16,,,,,,,,,,,,,,,,,,,,,0.25400013
67,1,5,,,,,,,,,1.0416667,,0.845,1.0416667,3.3125,,-0.0625,2.9375,,,,2.1100006,0.7620004
67,6,5,,,,,,,,,,,,,,,,,,,,,0.7620004
67,11,5,,,,,,,,,1.0216666,0.975,1.0083333,1.0516667,0.9375,-2.1875,0.0625,6.25,,,,2.819992,0.7620004
67,16,5,,,,,14.5,11.5,15,19,,,0.955,1.0516667,,,-0.5625,2.4375,,,,,0.7620004
67,21,5,14,10,14,17,22.5,18.5,20.5,23,,,,,,,,,,,,,0.7620004
67,26,5,23,19,21.5,24.5,29.5,24,29,32.5,,,,1.0516667,,,,1.3125,,,,,0.7620004
67,31,5,31.5,21,29,32.5,33,24.5,30,35,,,,0.97833335,,,,0.3125,,,,,0.7620004
67,37,5,9.5,7,9.5,17,11,7,10,17,,,,0.9716667,,,,1.125,,,,,0.7620004
67,42,5,,,,,,,,,,,,,,,,,,,,,0.7620004
67,47,5,,,,2,,,,3.5,,,,,,,,,,,,,0.7620004
67,53,5,,,,,,,,,,,,,,,,,,,,,0.7620004
67,58,5,,,,,,,,,,,,,,,,,,,,,0.7620004
68,3,12,,,,,,,,,,,,,,,,,,,,,316.48416
68,6,12,,,,,,,,,,,,,,,,,,,,,316.48416
68,10,12,,,,,,,,,,,,,,,,,,,,,316.48416
68,14,12,,,,,,,,,,,,,,,,,,,,,316.48416
68,17,12,,,,,,,,,,,,,,,,,,,,,316.48416
68,21,12,,,,,,,,,,,,,,,,,,,,,316.48416
68,25,12,,,,,,,,,,,,,,,,,,,,,316.48416
68,29,12,,,,,,,,,,,,,,,,,,,,,316.48416
68,32,12,,,,,,,,,,,,,,,,,,,,,316.48416
68,36,12,,,,,,,,,,,,,,,,,,,,,316.48416
68,40,12,,,,,,,,,,,,,,,,,,,,,316.48416
68,44,12,,,,,,,,,,,,0.90166664,,,,4.9375,,,,,316.48416
68,47,12,,,,,,,,,,,,,,,,,,,,,316.48416
68,51,12,,,,,,,,,,,,,,,,,,,,,316.48416
68,55,12,,,,,,,,,,,,,,,,,,,,,316.48416
68,58,12,,,,,,,,,,,,,,,,,,,,,316.48416
69,1,13,12.5,,,17.5,12.5,,12,18.5,,,,,,,,,,,,,1.2700007
69,5,13,,,,18.5,,,12,22,,,,,,,,,,,,,1.2700007
69,8,13,,,10.5,16.5,,,11.5,23,,,,1.0516667,,,,0.5,,,,7.399994,1.2700007
69,11,13,,,,14,,,,14,,,,,,,,,,,,,1.2700007
69,14,13,,,,14,,,,15,,,,,,,,,,,,,1.2700007
69,17,13,13,,13,22,13,,13.5,22,,,,,,,,,,,,,1.2700007
69,20,13,35.5,23,29,36,35.5,23,29,36,0.98833334,0.975,1.015,1.0516667,0.8125,-1.9375,-0.25,0.8125,3.75,-8.779999,-0.7100067,11.209991,1.2700007
69,26,13,37,,33.5,45.5,37,11,33.5,48.5,0.99833333,0.9716667,1.0016667,1.0116667,0.3125,-1,-0.0625,1.125,-2.8200073,-5.2900085,-2.4600067,3.1699982,1.2700007
69,29,13,37,,35.5,46.5,37,,36,46.5,1.005,0.945,1.0016667,1.0516667,0.1875,-0.375,0.25,1.5625,-4.169998,-4.169998,0,3.1599884,1.2700007
69,32,13,25,,25,48,27.5,11,27.5,48,0.9716667,0.9316667,0.9716667,0.995,-0.25,-0.8125,0.25,1.875,-2.0900116,-8.040009,-2.4700012,4.2299957,1.2700007
69,35,13,30,17.5,28,39,30,17.5,28,40,0.9816667,0.935,0.97833335,1.0016667,0.4375,-1,0.5,2.375,2.119995,-3.5200043,0,2.119995,1.2700007
69,38,13,31,25,31.5,42.5,31,25,31.5,42.5,0.995,0.9216667,0.995,1.0383334,0,-1.25,0,1.375,-0.69999695,-2.4400024,-1.050003,4.9299927,1.2700007
69,42,13,31.5,30.5,37,52,31.5,30.5,37,52.5,0.995,0.94166666,0.9716667,0.995,0.6875,-0.8125,0.3125,1.6875,3.819992,-4.0599976,0.34999084,8.080002,1.2700007
69,45,13,34,31.5,35.5,48,34,31.5,35.5,48,0.995,0.9483333,0.9916667,1.0116667,0.9375,-1.25,0.25,1.25,-3.1699982,-5.279999,-0.7100067,1.0699921,1.2700007
69,48,13,29,13.5,29,35.5,29,13.5,29,38,0.9716667,0.91833335,0.975,0.99833333,0.25,-0.375,0.75,2.0625,1.050003,-4.230011,1.7599945,5.2899933,1.2700007
69,51,13,23.5,,23.5,33,23.5,,23.5,33,1.005,0.955,0.995,1.0116667,0.3125,-0.75,0.125,2.25,0,-0.7100067,0,6.330002,1.2700007
69,54,13,,,,25,,,,25,1.0016667,0.945,0.9916667,1.0216666,0.125,-0.875,0,1.3125,-0.37001038,-2.4700012,0,8.75,1.2700007
69,57,13,,,,21,,,,21,0.99833333,0.9483333,1.0016667,1.0116667,0.1875,-0.9375,0.1875,1.0625,-5.630005,-5.9900055,0.69999695,4.9299927,1.2700007
70,9,12,,,,-1.5,,,,4,1.0516667,,0.96166664,1.0516667,2.875,,-1,3.6875,,,,,0.25400013
70,18,12,4,6.5,8,11,8.5,7,8.5,11,1.0116667,0.96166664,1.005,1.0516667,-0.6875,-0.6875,0.0625,2.75,,,,,0.25400013
70,28,12,1.5,1.5,5,6,3.5,3.5,6,11,1.005,0.9716667,0.99833333,1.0183333,1.5,0.25,0.9375,1.5,,,,0,0.25400013
70,38,12,2,0.5,1.5,7,2,0.5,1.5,7,1.0483334,0.96166664,1.0183333,1.0516667,0.1875,-0.5625,1.1875,3.125,,,,,0.25400013
70,47,12,5.5,5.5,8,12,8.5,7,10,12,0.86833334,0.88166666,1.015,1.0516667,0.6875,0.3125,0.9375,3.4375,,,,0,0.25400013
70,57,12,12,7,10,14,12,8,10.5,14,0.995,0.975,0.995,1.005,0.9375,0.3125,0.8125,1.75,0,,,0,0.25400013
71,6,17,,,,,,,,,,,,,,,,,,,,,151.38408
71,16,17,,,,,,,,,,,,,,,,,,,,,151.38408
71,25,17,,,,,,,,,,,,,,,,,,,,,151.38408
71,35,17,,,,,,,,,,,,,,,,,,,,,151.38408
71,45,17,,,,,,,,,,,,,,,,,,,,,151.38408
71,55,17,,,,,,,,,,,,,,,,,,,,,151.38408
72,4,12,27,27,30,33.5,27,27,30.5,33.5,1.0516667,1.0250001,1.0516667,1.0516667,3.375,0.0625,1.375,3.375,2.119995,-3.1699982,1.4099884,3.8799896,2.2860012
72,8,12,34.5,32,34.5,38,36,32,36,40.5,1.0516667,1.0250001,1.0516667,1.0516667,2.0625,0.375,1.6875,3.25,-3.880005,-7.029999,-0.8700104,10.519989,2.2860012
72,12,12,31.5,30,32.5,35,31.5,31,33.5,36,1.0350001,1.015,1.0516667,1.0516667,0.8125,-0.25,1.25,3.625,4.2299957,-2.4700012,-1.4100037,5.9799957,2.2860012
72,17,12,27,27,29.5,32,29,28,30,32,,,,1.0516667,,,,4.625,,,,6.319992,2.2860012
72,21,12,31.5,21.5,28,31.5,31.5,24.5,29,31.5,1.0516667,0.9916667,1.0516667,1.0516667,1.625,-1.1875,1.125,2.8125,1.0599976,-8.809998,-0.3500061,3.519989,2.2860012
72,26,12,29,24,28.5,32.5,29,24,28.5,33,1.0516667,1.0016667,1.0216666,1.0516667,1.1875,0.8125,1.25,2.0625,1.7599945,-2.4700012,-0.7100067,4.2299957,2.2860012
72,31,12,27,25.5,28.5,34,27,25.5,28.5,34,1.0016667,0.9716667,0.995,1.0383334,1.875,0.5625,1.4375,2.1875,3.7399902,-2.8200073,-0.3500061,3.7399902,2.2860012
72,36,12,29,26,29,31,29,26,29,31,1.0116667,0.99833333,1.0083333,1.0416667,3.5,1.0625,1.75,2.6875,-0.3500061,-2.8200073,-0.3500061,2.119995,2.2860012
72,42,12,27.5,26.5,28.5,31,27.5,26.5,29,33.5,0.98833334,0.975,0.9916667,0.99833333,1.6875,1,1.6875,2.1875,0.70999146,-1.4100037,-0.7100067,1.7599945,2.2860012
72,49,12,31.5,26.5,29,32,31.5,27,31,34,0.98833334,0.985,0.995,0.99833333,2.0625,1.5,2,2.5,3.869995,-1.4100037,0,3.869995,2.2860012
72,54,12,32,17.5,31.5,37.5,32,19,31.5,39,0.93833333,0.8616667,0.9483333,0.985,0.625,0.625,1.375,3.4375,1.0599976,-2.5800018,-0.3500061,3.519989,2.2860012
73,3,9,28,24,28,34.5,30,26.5,31,35,0.945,0.8516667,0.93833333,0.975,2,-0.75,0.5625,2.9375,1.3999939,-0.7100067,2.819992,5.4599915,0.50800025
73,8,9,32.5,29.5,31.5,36,32.5,31.5,33.5,36,0.95166665,0.895,0.97833335,1.0016667,-0.375,-0.9375,0.3125,2.0625,-2.4199982,-4.930008,-0.7100067,10.519989,0.50800025
73,12,9,24,24.5,27,29.5,30,27.5,29,31,0.9116667,0.87166667,0.955,0.9916667,-1.1875,-1.375,-0.1875,2.3125,0,-6.5899963,0,7.8899994,0.50800025
73,16,9,28,25,27.5,30.5,30.5,27.5,29,32,0.985,0.9583333,0.9916667,1.0083333,0.3125,-0.5,0.1875,1.0625,0.9700012,-2.4700012,-1.4100037,1.7599945,0.50800025
73,20,9,25.5,25.5,29.5,34.5,28.5,29.5,31.5,35.5,0.9816667,0.87166667,0.945,0.97833335,1.625,-0.0625,1.0625,2.3125,0.34999084,-10.910004,-0.7100067,8.909988,0.50800025
73,25,9,28.5,24.5,27.5,30.5,31,25.5,30,32.5,0.90500003,0.875,0.945,0.995,0.625,-1,0.1875,2.3125,9.5099945,-3.880005,2.119995,9.5099945,0.50800025
73,29,9,23.5,23,25,29.5,29.5,26.5,29,32.5,0.94166666,0.885,0.9583333,0.98833334,-0.8125,-1.25,0.4375,3.125,-1.0599976,-6.3200073,-0.7100067,9.860001,0.50800025
73,33,9,25.5,24,27,30.5,29.5,27,29,34.5,0.925,0.8983333,0.97833335,0.9916667,0.1875,-0.3125,0.5,2.25,1.050003,-3.5200043,0.70999146,7.2599945,0.50800025
73,38,9,23,22.5,25,28,25.5,25.5,27.5,29,0.9716667,0.875,0.95166665,0.9916667,0.5625,-0.375,0.5625,1.6875,1.7599945,-4.930008,1.7599945,7.8399963,0.50800025
73,42,9,25,23,25.5,28.5,28,25.5,28,31.5,0.815,0.90166664,0.96833336,0.995,-1.125,-1.125,0.5,2.25,-2.4700012,-0.3500061,1.7599945,6.6799927,0.50800025
73,46,9,15,14.5,20,25,26.5,23.5,26,28.5,0.95166665,0.90166664,0.96166664,0.985,1.9375,-1,0.8125,1.75,1.050003,-3.5200043,1.4099884,5.9799957,0.50800025
73,50,9,30.5,24,29,33.5,32,28.5,32,35.5,0.88166666,0.89166665,0.96500003,0.98833334,2.375,-0.375,0.875,2.375,-12.930008,-2.1200104,-1.3899994,6.98999,0.50800025
73,55,9,26.5,24.5,27.5,31.5,31.5,28.5,31,33,0.985,0.845,0.9583333,0.985,1.125,-0.6875,1.3125,2.8125,-8.449997,-8.080002,-2.4600067,5.279999,0.50800025
73,59,9,23.5,19.5,23,25.5,25,24.5,25.5,27,0.94166666,0.89166665,0.94166666,0.985,1.3125,-0.1875,0.8125,1.75,-1.4100037,-1.75,-0.3500061,4.169998,0.50800025
74,0,11,11.5,10.5,13.5,17.5,11.5,10.5,13.5,17.5,0.99833333,,1.0183333,1.0516667,2.125,,0,3.4375,-6.3399963,,,4.019989,14.000007
74,6,11,21,14.5,18.5,21,21,14.5,18.5,21,1.0283334,0.95166665,0.995,1.0316668,1.875,-0.5625,0.4375,4.1875,4.6399994,-5.2900085,1.4099884,6.2299957,14.000007
74,12,11,12.5,8.5,13.5,21,12.5,8.5,13.5,21,0.955,0.93833333,0.9716667,0.99833333,0.875,-0.375,0.875,2.0625,3.1699982,-2.8200073,3.1699982,6.6900024,14.000007
74,18,11,16,12,15.5,22.5,16,12,15.5,22.5,0.9816667,0.85833335,0.96166664,0.9916667,1.4375,-1,1.125,2.75,-1.7600098,-2.4700012,1.7599945,7.0399933,14.000007
74,23,11,15.5,,11,16.5,15.5,,11,16.5,0.81166667,0.88166666,0.9816667,1.005,1.4375,-0.5625,0.75,3.25,-16.710007,-11.520004,-0.3500061,8.059998,14.000007
74,29,11,19,11.5,15,19,19,11.5,15,19,1.0083333,0.86833334,0.9916667,1.0516667,0.8125,-1.25,0.5625,2,4.580002,,1.4099884,7.7299957,14.000007
74,35,11,19.5,16.5,20.5,23.5,19.5,16.5,20.5,23.5,1.0083333,0.925,0.985,1.0516667,-0.875,-1.5625,0.1875,1.875,1.75,,1.7399902,11.479996,14.000007
74,41,11,20,16,19,21,20,16,19,21,1.0316668,0.89166665,0.9816667,1.0516667,1.3125,-2.5625,0.625,2.125,3.519989,,1.4099884,6.169998,14.000007
74,47,11,20.5,12,18,25,20.5,12,18,25,1.005,0.95166665,0.98833334,1.0183333,1.875,-1.1875,0.8125,3,4.580002,-4.230011,2.119995,4.580002,14.000007
74,53,11,14,13,16.5,21.5,14,13,16.5,21.5,0.99833333,0.9216667,0.9816667,1.0016667,0.3125,-0.125,1.125,2.125,0.34999084,-3.880005,0.70999146,8.0099945,14.000007
74,58,11,22.5,14,16.5,22.5,22.5,14,16.5,22.5,0.9716667,0.92833334,0.9716667,0.9916667,0.625,-0.125,1.125,2.5625,5.8600006,-8.580002,0.66999817,12.289993,14.000007
75,2,10,16,6.5,16.5,32.5,17.5,9,21.5,32.5,,,,,,,,,,,,,1.2700007
75,7,10,12,,9,16,13,,9.5,17,,,,,,,,,,,,,1.2700007
75,12,10,,,,7.5,5.5,,,7.5,,,,,,,,,,,,,1.2700007
75,16,10,,,,,,,6,10,,,,,,,,,,,,,1.2700007
75,21,10,,,,,,,,8.5,,,,,,,,,,,,,1.2700007
75,26,10,7.5,,7.5,40.5,10,,10,40.5,,,,,,,,,,,,,1.2700007
75,30,10,40,22,34.5,40,40,23,34.5,40,,,,,,,,,,,,,1.2700007
75,35,10,17,,17,38,20.5,,20.5,45,,,,,,,,,,,,,1.2700007
75,40,10,,,,20,9,,,20,,,,,,,,,,,,,1.2700007
75,45,10,,,,,,,,,,,,,,,,,,,,,1.2700007
75,49,10,,,,,,,,6,,,,,,,,,,,,,1.2700007
75,54,10,,,,,,,,,,,,,,,,,,,,,1.2700007
75,59,10,,,,,,,,,,,,,,,,,,,,,1.2700007
76,1,18,,,,,,,,,,,,,,,,,,,,,0.25400013
76,6,18,,,,,,,,,,,,,,,,,,,,,0.25400013
76,11,18,,,,,,,,,,,,,,,,,,,,,0.25400013
76,16,18,,,,,,,,,,,,,,,,,,,,,0.25400013
76,21,18,,,,,,,,,,,,,,,,,,,,,0.25400013
76,26,18,,,,,,,,,,,,,,,,,,,,,0.25400013
76,31,18,,,,,,,,,,,,,,,,,,,,,0.25400013
76,40,18,,,,,,,,,,,,,,,,,,,,,0.25400013
76,50,18,,,,,,,,,,,,,,,,,,,,,0.25400013
77,2,13,21,12,16,20.5,23.5,19.5,21.5,23.5,1.0083333,0.985,0.99833333,1.0316668,0.1875,-0.5,0.1875,0.9375,1.7599945,-2.1200104,0,1.7599945,0.29000017
77,6,13,19,12.5,14.5,18,21.5,19,20.5,23,1.0016667,0.97833335,1.0016667,1.0383334,-0.125,-0.4375,0.25,0.9375,-0.3500061,-1.4100037,0.70999146,3.4799957,0.29000017
77,11,13,16,,13,17,20,18,20,21.5,1.0083333,0.985,1.0016667,1.015,-0.25,-0.625,0.0625,0.9375,0.3600006,-1.4100037,0.3600006,4.580002,0.29000017
77,16,13,11,,13.5,17,20,18,19.5,21.5,1.0316668,0.99833333,1.0083333,1.0316668,0.3125,-0.5625,0.25,1.375,0,-0.3500061,0.70999146,2.4700012,0.29000017
77,20,13,21,18.5,22,27,22,20.5,24,28,1.0083333,0.995,1.0083333,1.0483334,-0.6875,-1.1875,-0.125,1.125,0,-2.4700012,1.0599976,2.4599915,0.29000017
77,25,13,29,23.5,26,29,29,24.5,27,29,1.0016667,0.985,1.0016667,1.0183333,-0.125,-0.5,0,0.6875,1.7599945,-2.8200073,-0.3500061,1.7599945,0.29000017
77,30,13,23,24,27.5,30,29,26,28.5,30.5,0.99833333,0.9916667,1.0016667,1.005,-0.0625,-0.375,-0.0625,0.4375,-0.3500061,-2.1200104,0,2.4700012,0.29000017
77,34,13,32.5,26,28.5,36.5,34,27.5,31,36.5,1.0116667,0.99833333,1.0016667,1.0116667,0.5625,-0.375,0.0625,0.625,0.70999146,-0.3500061,0.34999084,2.119995,0.29000017
77,39,13,30.5,25,28,31,33.5,27.5,29.5,32.5,1.005,0.995,1.0016667,1.0083333,-0.125,-0.3125,0.125,0.75,0,-0.69000244,0.34999084,2.1100006,0.29000017
77,44,13,28.5,25,28,30.5,28.5,27,29,30.5,1.0016667,1.0016667,1.0016667,1.0116667,-0.3125,-0.3125,-0.0625,0.5,0.69999695,-1.7600098,0.69999695,1.7599945,0.29000017
77,48,13,21.5,21.5,24.5,28.5,23.5,23.5,26.5,29.5,1.005,0.995,1.0016667,1.0116667,-0.375,-0.375,0,0.375,1.0599976,-1.0599976,0.70999146,1.0599976,0.29000017
77,53,13,31,25,28,35.5,31,25,31,36,1.0083333,0.9716667,1.0083333,1.0383334,-0.375,-0.9375,0.1875,2.1875,0.34999084,-1.7600098,-1.0599976,1.7599945,0.29000017
78,3,14,23,21,24,29,26.5,22,26,29,0.9583333,0.94166666,1.0316668,1.0516667,-0.75,-1.8125,-0.4375,1.9375,-3.1100006,-6.470001,-1.0599976,8.039993,1.5240008
78,8,14,25,21.5,25,29,25,25,28,29.5,0.9316667,0.9216667,1.0083333,1.0516667,-2.125,-2.125,-0.125,1.875,-0.66000366,-8.360001,2.1100006,7.6900024,1.5240008
78,13,14,25.5,21,25.5,30.5,30,26,28,31.5,,,,1.0516667,,,,2.25,,,,,1.5240008
78,18,14,29,20.5,25,30.5,29,24.5,26.5,30.5,,,,1.0250001,,,,1.6875,,,,-5.430008,1.5240008
78,23,14,26.5,21,23.5,28.5,26.5,21,24.5,29,,,,1.0516667,,,,1.75,,,,1.0599976,1.5240008
78,29,14,21,16,20.5,24,21,17,21,24,0.975,0.96500003,1.0016667,1.0516667,2.3125,-0.875,-0.125,1.5625,-3.1699982,-3.5100098,1.4099884,7.3799896,1.5240008
78,34,14,15,14,17.5,21.5,20,16.5,19.5,21.5,1.0516667,0.975,0.99833333,1.0516667,-0.25,-1.4375,-0.3125,0.625,2.119995,-7.0599976,-0.7100067,4.2299957,1.5240008
78,39,14,,,,18,,,14.5,18,0.90166664,,,1.0516667,1.5625,,,4.3125,-11.76001,,,-13.230011,1.5240008
78,44,14,,,,17.5,19.5,,14,19,,,,,,,,,,,,,1.5240008
78,49,14,,,,15.5,14,,14,20,0.95166665,,,1.0516667,0.5625,,,0.5625,-4.4900055,,,5.9099884,1.5240008
78,54,14,,,,15,,,,16,,,0.9583333,1.0516667,,,-1.5,1.1875,,,,1.4099884,1.5240008
78,59,14,,,,14.5,,,14,20,0.99833333,0.99833333,1.0283334,1.0516667,0.125,-1.5,-0.1875,1.75,-3.8700104,-4.930008,-1.7600098,4.919998,1.5240008
79,3,20,,,,,,,,,,,,,,,,,,,,,0.50800025
79,13,20,,,,,,,,,,,,,,,,,,,,,0.50800025
79,23,20,,,,,,,,,,,,,,,,,,,,,0.50800025
79,33,20,,,,,,,,,,,,,,,,,,,,,0.50800025
79,42,20,,,,,,,,,,,,,,,,,,,,,0.50800025
79,52,20,,,,,,,,,,,,,,,,,,,,,0.50800025
80,0,13,,,,,,,,,,,,,,,,,,,,,0.25400013
80,10,13,,,,,,,,,,,,,,,,,,,,,0.25400013
80,20,13,,,,,,,,,,,,,,,,,,,,,0.25400013
80,30,13,,,,,,,,,,,,,,,,,,,,,0.25400013
80,39,13,,,,,,,,,,,,,,,,,,,,,0.25400013
80,49,13,,,,,,,,,,,,,,,,,,,,,0.25400013
80,59,13,,,,,,,,,,,,,,,,,,,,,0.25400013
81,0,12,,,,,,,,,,,,,,,,,,,,,3.810002
81,5,12,,,,,,,,,,,,,,,,,,,,,3.810002
81,9,12,,,,,,,,,,,,,,,,,,,,,3.810002
81,13,12,,,,,,,,,,,,,,,,,,,,,3.810002
81,17,12,,,,,,,,,,,,,,,,,,,,,3.810002
81,21,12,,,,,,,,,,,,,,,,,,,,,3.810002
81,26,12,,,,,,,,,,,,,,,,,,,,,3.810002
81,30,12,,,,,,,,,,,,,,,,,,,,,3.810002
81,34,12,,,,,,,,,,,,,,,,,,,,,3.810002
81,38,12,,,,,,,,18.5,,,,,,,,,,,,,3.810002
81,42,12,,,,15.5,17,,13,22,,,,,,,,,,,,,3.810002
81,47,12,12,,12,23,20,15.5,22,29.5,,,,,,,,,,,,,3.810002
81,51,12,22.5,19.5,26.5,34.5,30,29,33.5,47.5,,,,,,,,,,,,,3.810002
81,55,12,36.5,30.5,34,42.5,36.5,31.5,37,43.5,,,,,,,,,,,,,3.810002
81,59,12,27.5,26,32.5,40.5,28,29,33.5,41,,,,,,,,,,,,,3.810002
82,0,19,,,,,,,,,,,,,,,,,,,,,1.4250007
82,10,19,,,,,,,,,,,,,,,,,,,,,1.4250007
82,20,19,,,,,,,,,,,,,,,,,,,,,1.4250007
82,30,19,,,,,,,,,,,,,,,,,,,,,1.4250007
82,39,19,,,,,,,,,,,,,,,,,,,,,1.4250007
82,49,19,,,,,,,,,,,,,,,,,,,,,1.4250007
82,59,19,,,,,,,,,,,,,,,,,,,,,1.4250007
83,7,19,,,,,,,,,,,,,,,,,,,,,0.25400013
83,16,19,,,,,,,,,,,,,,,,,,,,,0.25400013
83,25,19,,,,20.5,,,,20.5,,,,,,,,,,,,,0.25400013
83,34,19,,,,,,,,,,,,,,,,,,,,,0.25400013
83,43,19,,,,,,,,,,,,,,,,,,,,,0.25400013
83,52,19,,,,,,,,,,,,,,,,,,,,,0.25400013
84,4,11,,,,,,,,,,,,,,,,,,,,,1.5240008
84,14,11,,,,,,,,,,,,,,,,,,,,,1.5240008
84,24,11,,,,,,,,,,,,,,,,,,,,,1.5240008
84,34,11,,,,,,,,,,,,,,,,,,,,,1.5240008
84,43,11,,,,,,,,,,,,,,,,,,,,,1.5240008
84,53,11,,,,,,,,,,,,,,,,,,,,,1.5240008
85,9,13,,,,,,,,,,,,,,,,,,,,,0.7620004
85,18,13,,,,,,,,,,,,,,,,,,,,,0.7620004
85,28,13,1,,1,6,2,,3,6,,,,,,,,,,,,,0.7620004
85,38,13,5.5,4.5,6.5,12,7,4.5,7,12,1.0516667,,1.0516667,1.0516667,1.125,,0.4375,2.25,,,,,0.7620004
85,47,13,12.5,9.5,12.5,19.5,14,10.5,14,20,1.0383334,0.9816667,1.0516667,1.0516667,0.3125,-1.3125,0.625,1.9375,,,,,0.7620004
85,57,13,15,10,15,16.5,16,10.5,15,18,1.0316668,0.97833335,1.0216666,1.0516667,0.3125,-0.5,0.4375,2.125,,,,,0.7620004
86,4,5,,,6,15.5,20,9,19.5,24,,,,,,,,,,,,,876.3005
86,8,5,7.5,,7.5,15.5,15.5,10,14.5,17,,,,,,,,,,,,,876.3005
86,12,5,35.5,6.5,35,50,40.5,18,38,51,,,,,,,,,,,,,876.3005
86,17,5,9,,13.5,28.5,9,,13.5,28.5,,,,,,,,,,,,,876.3005
86,21,5,8,,,7.5,10,,,7.5,,,,,,,,,,,,,876.3005
86,26,5,,,,,,,,,,,,,,,,,,,,,876.3005
86,31,5,,,,,,,,,,,,,,,,,,,,,876.3005
86,36,5,,,,,,,,,,,,,,,,,,,,,876.3005
86,42,5,,,,,,,,,,,,,,,,,,,,,876.3005
86,49,5,,,,,,,,,,,,,,,,,,,,,876.3005
86,54,5,,,,,,,,,,,,,,,,,,,,,876.3005
87,4,6,,,5.5,14.5,,,10.5,16.5,1.0116667,0.98833334,0.99833333,1.0216666,0.5625,-0.1875,0.5,1.5,0,-2.4700012,-0.7100067,2.4700012,0.25400013
87,8,6,11.5,2.5,9,16,18.5,11,15.5,18.5,0.99833333,0.93833333,0.995,1.0350001,0.25,-0.625,0.25,1.0625,-0.3500061,,-0.7100067,4.580002,0.25400013
87,12,6,15.5,9.5,14.5,18.5,18.5,13,17,20,0.935,0.9716667,0.9916667,0.99833333,-1.5625,-0.875,0.625,1.5,3.8799896,-1.0599976,0.70999146,3.1699982,0.25400013
87,17,6,15,10.5,14.5,17.5,16,13.5,17.5,20,1.0016667,0.9483333,0.9916667,1.0016667,0.4375,-0.25,0.875,2.25,-0.69999695,-2.8200073,-1.0599976,1.4099884,0.25400013
87,21,6,16,9.5,12,18,16,13,16.5,25.5,0.99833333,0.96833336,0.99833333,1.0016667,0.5,-0.6875,0.375,1.0625,-1.7600098,-3.1699982,-1.4100037,2.4700012,0.25400013
87,25,6,30.5,16.5,27,33.5,35.5,24,34,38,1.0516667,,0.995,1.0516667,0.625,,-0.75,2.0625,,,,-0.3500061,0.25400013
87,30,6,31,25.5,29.5,35.5,33,29,33.5,38.5,0.96166664,,1.0216666,1.0516667,0.3125,,0.1875,3.5625,-5.980011,,,4.5599976,0.25400013
87,34,6,29.5,25.5,27.5,31.5,32,28.5,31,33.5,0.995,0.975,1.0083333,1.0516667,0.5625,-1.9375,0.6875,1.5,,,-3.1699982,1.4099884,0.25400013
87,38,6,24.5,21,24.5,30.5,24.5,23,25.5,32,1.0516667,0.9116667,1.0250001,1.0516667,0.5625,-0.8125,0.375,4.9375,,,,2.819992,0.25400013
87,42,6,23,14.5,20,26.5,30,20,25,31.5,1.0516667,0.87833333,1.005,1.0516667,-0.0625,-1.6875,-0.0625,2.6875,,,-2.8200073,2.119995,0.25400013
87,47,6,,,,25.5,,,,26.5,1.005,,0.99833333,1.0516667,0.9375,,0.1875,1.6875,-1.4100037,,-1.4100037,2.7299957,0.25400013
87,51,6,,,,,,,,,0.885,,1.0016667,1.0516667,0.875,,0.5,2.4375,,,-0.7100067,1.4099884,0.25400013
87,55,6,,,,,,,,4.5,1.0516667,0.735,0.9916667,1.0516667,1.5625,-1.125,0.5,2.5,,,-2.4700012,4.8399963,0.25400013
88,3,6,,,7,18,38.5,37.5,40,45,,,,0.20833333,,,,3.5,,,,,0.7620004
88,7,6,56.5,56.5,58.5,63,59,56.5,59,63,,,,,,,,,,,,,0.7620004
88,12,6,42.5,40,42.5,46.5,46.5,45.5,47,49,,,,,,,,,,,,,0.7620004
88,18,6,32.5,25,32.5,43.5,35.5,30.5,35,43.5,,,,,,,,,,,,,0.7620004
88,23,6,31.5,29,32,36,32.5,31.5,34.5,37.5,,,,,,,,,,,,,0.7620004
88,28,6,22.5,14,20,39,23,23,26.5,39,,,,,,,,,,,,,0.7620004
88,33,6,35.5,24,35.5,39.5,35.5,25,36,41.5,,,,,,,,,,,,,0.7620004
88,39,6,20,12,20,27.5,22,22,28,33,,,,,,,,,,,,,0.7620004
88,44,6,31,13.5,31.5,36,33,13.5,32,36,,,,,,,,,,,,,0.7620004
88,49,6,,,,10.5,,,,10.5,,,,,,,,,,,,,0.7620004
88,54,6,,,,,,,,,,,,,,,,,,,,,0.7620004
88,59,6,,,,,,,,7,,,,,,,,,,,,,0.7620004
89,0,10,,,,,,,,,,,,,,,,,,,,,0.35000017
89,10,10,,,,,,,,,,,,,,,,,,,,,0.35000017
89,20,10,,,,,,,,,,,,,,,,,,,,,0.35000017
89,29,10,,,,,,,,,,,,,,,,,,,,,0.35000017
89,39,10,,,,,,,,,,,,,,,,,,,,,0.35000017
89,49,10,,,,,,,,,,,,,,,,,,,,,0.35000017
89,59,10,,,,,,,,,,,,,,,,,,,,,0.35000017
90,3,2,-2.5,-4,-1,5,-1,-1,3.5,9,0.7783333,0.58166665,0.88166666,1.0516667,7.9375,-0.125,7.9375,7.9375,,,,,8.890005
90,8,2,11,0,9,22,28,26.5,29.5,34,0.82166666,0.735,0.9716667,0.99833333,1.875,0.5625,1.625,6.8125,,,0,4.149994,8.890005
90,13,2,34,18.5,29.5,34,34,28.5,34,40,0.995,0.895,0.985,0.995,1.25,0.25,1.1875,2.0625,-2.5299988,-2.7600098,0,4.2299957,8.890005
90,18,2,18.5,13.5,18.5,36,34,29,35,41.5,0.7783333,0.77166665,0.98833334,0.99833333,4.875,0.3125,0.8125,4.1875,3.519989,-1.4100037,0.34999084,4.5599976,8.890005
90,23,2,44,38.5,44,50.5,48.5,43.5,48,51.5,0.955,0.75166667,0.985,0.99833333,1.1875,-4.4375,0.9375,1.9375,1.4700012,-2.0400085,-0.3500061,3.519989,8.890005
90,29,2,51,48,51,54,53.5,52,54.5,57.5,0.975,0.84833336,0.985,1.0016667,1.4375,0.5,1.4375,2.625,,,,0,8.890005
90,34,2,13.5,13,16.5,19,19,15.5,17.5,20.5,0.945,0.7916667,0.9583333,1.005,-0.375,0.25,2.9375,7.4375,,,,0,8.890005
90,39,2,-1.5,-1.5,4,9.5,5,2.5,5,9.5,1.0016667,0.5316667,0.865,1.015,3.6875,-1.5,1.1875,4.4375,,,,,8.890005
90,44,2,-1,-1.5,2,7,15,4.5,14.5,33,1.0516667,0.705,0.865,1.0516667,5.8125,-3.3125,1.5625,6.0625,,,,,8.890005
90,49,2,14,6.5,12,21.5,19.5,9,15.5,21.5,0.68833333,,0.765,0.97833335,0.375,,3.1875,7.9375,,,,,8.890005
90,54,2,-1.5,-3.5,0.5,7,8.5,-3,4,11.5,0.97833335,0.715,0.985,1.0016667,-0.0625,0.0625,1.625,7.6875,,,,0.34999084,8.890005
90,59,2,2.5,-5.5,-3.5,6.5,3,-1,4.5,10,0.9816667,0.815,0.9583333,0.9916667,0.8125,-2.3125,1.0625,2.1875,2.1399994,1.0599976,1.4400024,2.819992,8.890005
91,3,14,,,,,,,,,,,,,,,,,,,,,0.25400013
91,8,14,,,,,,,,,,,,,,,,,,,,,0.25400013
91,13,14,,,,,,,,,,,,,,,,,,,,,0.25400013
91,18,14,,,,,,,,,,,,,,,,,,,,,0.25400013
91,23,14,,,,,,,,18.5,,,,,,,,,,,,,0.25400013
91,29,14,,,,34.5,,,16,34.5,,,,,,,,,,,,,0.25400013
91,34,14,,,,29,,,,29,,,,,,,,,,,,,0.25400013
91,39,14,,,,20,,,,21,,,,,,,,,,,,,0.25400013
91,44,14,,,,18,,,,22,,,,,,,,,,,,,0.25400013
91,49,14,,,,14,,,,17.5,,,,,,,,,,,,,0.25400013
91,54,14,,,,,,,,,,,,,,,,,,,,,0.25400013
91,59,14,,,,28,,,,28,,,,,,,,,,,,,0.25400013
92,1,4,19.5,12.5,17,20,19.5,15,19,21.5,0.99833333,0.99833333,0.99833333,1.0016667,0.5,0.0625,0.375,0.9375,0,-0.69999695,0,0.70999146,0.50800025
92,6,4,14,8.5,14,18.5,18.5,15,19,24,0.99833333,0.99833333,0.99833333,1.0016667,0.0625,0,0.3125,0.625,0,-0.7100067,0.34999084,1.4099884,0.50800025
92,10,4,10.5,13,16,19.5,14,16,19,22,0.99833333,0.99833333,0.99833333,1.005,0,0.0625,0.25,0.5625,0.34999084,-0.7100067,0.34999084,2.1100006,0.50800025
92,14,4,15.5,9.5,13.5,18,18.5,12.5,16,18.5,1.005,1.0016667,1.0016667,1.0116667,0.0625,-0.0625,0.125,0.375,-0.7100067,-0.7100067,0.34999084,1.7599945,0.50800025
92,19,4,7.5,6,8.5,11.5,12,6.5,10.5,12,1.0083333,1.005,1.0083333,1.0416667,0.0625,-0.1875,0.3125,1.0625,0,-3.1699982,-0.3500061,0.69999695,0.50800025
92,24,4,8,4,8,10.5,9,5.5,9,14.5,,,1.0516667,1.0516667,,,-0.5,2.1875,,,,,0.50800025
92,28,4,6.5,,7.5,11.5,6.5,,8,12.5,,,1.0116667,1.0516667,,,-1.4375,1.9375,,,,1.1599884,0.50800025
92,33,4,,,5,14.5,5,2.5,9.5,15.5,1.0516667,,1.0183333,1.0516667,3.1875,,-0.3125,1.5625,,,,1.7599945,0.50800025
92,37,4,12,6.5,13.5,19.5,12,6.5,14.5,21,1.0516667,1.0083333,1.0483334,1.0516667,-0.125,-0.75,0.4375,1.375,,,,-0.3500061,0.50800025
92,42,4,14.5,9.5,13.5,20.5,14.5,11,14.5,23,1.0516667,,1.0316668,1.0516667,0,,0.25,1.25,,,,2.819992,0.50800025
92,47,4,13,9,13.5,21,15,11.5,14.5,21,1.0516667,,1.0516667,1.0516667,-1.375,,-0.5,2.625,,,,,0.50800025
92,52,4,10.5,8,10,14.5,10.5,9,11.5,15,1.0016667,0.99833333,1.0016667,1.0516667,0.4375,-0.3125,0.3125,0.6875,-1.0599976,,-0.7100067,3.5299988,0.50800025
92,56,4,7.5,4,8,12,12.5,5.5,8.5,13.5,0.99833333,0.99833333,1.0016667,1.0216666,0.5625,-0.25,0.0625,0.5625,0.34999084,-2.1200104,0,0.34999084,0.50800025
93,0,15,,,,,,,,,,,,,,,,,,,,,8.636004
93,6,15,,,,,,,,,,,,,,,,,,,,,8.636004
93,12,15,,,,,,,,,,,,,,,,,,,,,8.636004
93,18,15,,,,,,,,,,,,,,,,,,,,,8.636004
93,23,15,,,,,,,,,,,,,,,,,,,,,8.636004
93,29,15,,,,,,,,,,,,,,,,,,,,,8.636004
93,35,15,,,,,,,,,,,,,,,,,,,,,8.636004
93,41,15,,,,,,,,,,,,,,,,,,,,,8.636004
93,47,15,,,,31,,,,31,,,,,,,,,,,,,8.636004
93,53,15,22,,22.5,29,22,,22.5,29,,,,,,,,,,,,,8.636004
93,58,15,23.5,,17,24,23.5,,17,24,,,,,,,,,,,,,8.636004
94,1,11,,,12,25,,,12,25.5,1.0516667,0.84166664,0.98833334,1.0516667,3.5625,-1.625,0.3125,3.6875,8.449997,-8.779999,-0.3500061,15.110001,3.3020017
94,5,11,20,,20,24.5,21.5,,21,26,,,,1.0516667,,,,2.125,,,,25.049988,3.3020017
94,8,11,26.5,14,23,28.5,26.5,16.5,24,28.5,1.0250001,0.985,1.005,1.0283334,-0.75,-0.875,1.125,2.4375,3.869995,-3.5200043,0.70999146,7.7299957,3.3020017
94,11,11,24,19.5,23.5,26,24,21,25,27,,,,1.0516667,,,,4.6875,,,,2.8099976,3.3020017
94,14,11,17.5,17.5,21.5,25.5,26,20.5,23,26,,,,,,,,,,,,,3.3020017
94,17,11,24,16.5,20,25,24,18,22,25.5,,,,,,,,,,,,,3.3020017
94,20,11,21.5,15,19.5,23.5,21.5,18,21.5,26.5,,,,0.985,,,,-1.1875,,,,,3.3020017
94,26,11,22,16.5,23.5,29.5,22,19,24,29.5,,,,,,,,,,,,,3.3020017
94,29,11,22.5,17,22,29,24,19,23,31.5,,,,,,,,,,,,,3.3020017
94,32,11,22,16,22,30,22.5,16.5,23,32,,,,,,,,,,,,,3.3020017
94,35,11,23,18.5,27,37.5,24.5,19,27.5,37.5,,,,,,,,,,,,,3.3020017
94,38,11,28.5,18,27.5,31.5,33,20.5,27.5,33,1.0516667,,,1.0516667,5.5625,,,1.75,,,,,3.3020017
94,42,11,31.5,19,24,33.5,31.5,20.5,26.5,33.5,,,,,,,,,,,,,3.3020017
94,45,11,18,16.5,22,30,20,20,25,30.5,,,,,,,,,,,,,3.3020017
94,48,11,28.5,17,24.5,34,28.5,19.5,24.5,34,,,,,,,,,,,,,3.3020017
94,51,11,18.5,17.5,22,33.5,18.5,18.5,24.5,33.5,,,,,,,,,,,,,3.3020017
94,54,11,21.5,18.5,23.5,30.5,22,20.5,24,30.5,,,,,,,,,,,,,3.3020017
94,57,11,30,18,23.5,28.5,30,20,25.5,30.5,,,,,,,,,,,,,3.3020017
95,1,16,,,,,,,,,,,,,,,,,,,,,517.99927
95,10,16,,,,,,,,,,,,,,,,,,,,,517.99927
95,20,16,,,,,,,,,,,,,,,,,,,,,517.99927
95,29,16,,,,,,,,,,,,,,,,,,,,,517.99927
95,39,16,,,,,,,,,,,,,,,,,,,,,517.99927
95,49,16,,,,12.5,,,,12.5,,,,,,,,,,,,,517.99927
95,58,16,,,,12,,,,12,,,,,,,,,,,,,517.99927
96,3,17,24.5,21,24,28,24.5,22.5,25,28,,,,,,,,,,,,,4.064002
96,8,17,28,23,26,29.5,28,24.5,28,36,,,,,,,,,,,,,4.064002
96,12,17,28,24.5,28,35.5,29.5,25,28,36.5,,,,,,,,,,,,,4.064002
96,17,17,28,24.5,28,34.5,34.5,27,31.5,35.5,,,,,,,,,,,,,4.064002
96,21,17,27.5,23.5,27,30.5,27.5,25.5,28,31,,,,,,,,,,,,,4.064002
96,26,17,25.5,21,23.5,27.5,25.5,22.5,26.5,29,,,,,,,,,,,,,4.064002
96,31,17,25.5,22,24.5,28,25.5,23.5,25.5,28.5,,,,,,,,,,,,,4.064002
96,36,17,23.5,23,24,27.5,23.5,23,25,28,,,,,,,,,,,,,4.064002
96,41,17,25.5,19.5,23,27,25.5,22.5,24,27,,,,,,,,,,,,,4.064002
96,46,17,29,20.5,25,29,29,23,26,29,,,,,,,,,,,,,4.064002
96,51,17,27,22.5,25,28,27,25,26.5,29.5,,,,,,,,,,,,,4.064002
96,57,17,22.5,23,26,29.5,28,25.5,28,30.5,,,,,,,,,,,,,4.064002
97,0,16,27,23.5,28,34.5,27,24,28,34.5,,,,,,,,,,,,,0.25400013
97,5,16,29.5,22,25.5,29.5,29.5,23.5,26,30.5,,,,,,,,,,,,,0.25400013
97,9,16,21,20.5,23,26.5,22,22,24,26.5,,,,,,,,,,,,,0.25400013
97,13,16,22.5,19,22.5,27.5,22.5,21.5,24.5,27.5,,,,,,,,,,,,,0.25400013
